episode,mean_i,mean_c,var_i,var_c,loss
0,0.48772671818733215,0.498832106590271,0.5923380255699158,0.5811488628387451,0.0005087674
1,0.5012052059173584,0.5092921257019043,0.6006531119346619,0.5906416773796082,0.0012146388
2,0.5153637528419495,0.521094799041748,0.6089440584182739,0.6002254486083984,0.0024961466
3,0.5287184715270996,0.5327478647232056,0.6171846985816956,0.6097514033317566,0.0009285649
4,0.5399386882781982,0.5427682995796204,0.6255897879600525,0.6193296909332275,0.0012275726
5,0.540586531162262,0.5426842570304871,0.6341451406478882,0.6290720105171204,0.0012521276
6,0.5344800353050232,0.5360577702522278,0.6428139209747314,0.6389697790145874,0.0011741468
7,0.5276450514793396,0.5287359356880188,0.651429295539856,0.6487746238708496,0.0007469398
8,0.5176084041595459,0.5182414054870605,0.6600258946418762,0.6585334539413452,0.0007438973
9,0.5109508037567139,0.511150062084198,0.6683251261711121,0.6678557395935059,0.0003722313
10,0.502635657787323,0.5023424029350281,0.6767166256904602,0.6773973107337952,0.00097063184
11,0.4929872453212738,0.4923512041568756,0.6848164200782776,0.6862568855285645,8.773043e-05
12,0.4840237498283386,0.4831894636154175,0.692438006401062,0.6942926049232483,-0.00017908959
13,0.47482985258102417,0.4737309515476227,0.6999979019165039,0.7023961544036865,0.00045384
14,0.4686889946460724,0.467321515083313,0.7074393630027771,0.7104361057281494,0.0006302087
15,0.46344539523124695,0.4618057310581207,0.7147546410560608,0.7183791399002075,0.0004269425
16,0.45918768644332886,0.45722952485084534,0.7223854064941406,0.7267805933952332,0.001524426
17,0.45554816722869873,0.45329949259757996,0.7295913100242615,0.7347198724746704,-5.798714e-05
18,0.4525972604751587,0.4499901235103607,0.7368118762969971,0.7428663372993469,0.00074709265
19,0.45227161049842834,0.4493243992328644,0.7440442442893982,0.7511243224143982,0.0009936114
20,0.4528771936893463,0.449649840593338,0.7508968710899353,0.7589467763900757,9.333975e-05
21,0.4548005163669586,0.4512956738471985,0.7575269937515259,0.766669511795044,0.0003985624
22,0.4565676152706146,0.4527464807033539,0.7640881538391113,0.7744812965393066,0.0005728891
23,0.457611083984375,0.4534057378768921,0.7704751491546631,0.7822964191436768,0.00033019827
24,0.45992717146873474,0.45531657338142395,0.7770124077796936,0.7905228137969971,0.0012180182
25,0.4613708555698395,0.45635369420051575,0.7835498452186584,0.7987298369407654,0.00038533602
26,0.4617682695388794,0.4565417766571045,0.7908986210823059,0.807070255279541,0.00051987485
27,0.4606744050979614,0.4551912248134613,0.7984445095062256,0.8155365586280823,0.00045607664
28,0.46075835824012756,0.4551589787006378,0.8060848712921143,0.8238519430160522,0.0006087204
29,0.461536169052124,0.45595020055770874,0.8135008811950684,0.8316391706466675,0.00013022206
30,0.46252313256263733,0.4569193422794342,0.8208116292953491,0.8393005132675171,0.0003420507
31,0.46392446756362915,0.4583115875720978,0.8274770379066467,0.845059871673584,-0.00027972137
32,0.46647071838378906,0.4610506296157837,0.8344951272010803,0.8524752855300903,0.0009420513
33,0.4706691801548004,0.4655558168888092,0.8413459062576294,0.8601922988891602,0.00043235364
34,0.4751097559928894,0.47027134895324707,0.8483679294586182,0.8678513765335083,0.00062326505
35,0.48103898763656616,0.47674015164375305,0.8548962473869324,0.8740004301071167,1.2646116e-05
36,0.4851666986942291,0.4812202453613281,0.8615647554397583,0.8804327845573425,0.00042420148
37,0.4903185963630676,0.486821711063385,0.8681660294532776,0.8866316080093384,0.00038992392
38,0.4933411478996277,0.49013352394104004,0.8747075200080872,0.8927042484283447,0.00013933973
39,0.4968424141407013,0.4939497411251068,0.8807585835456848,0.8983043432235718,-2.0012103e-05
40,0.5007182359695435,0.49813923239707947,0.8869220018386841,0.9040859937667847,0.00057833275
41,0.5031323432922363,0.5007705688476562,0.8927485942840576,0.909419596195221,-0.00011463143
42,0.5053431987762451,0.5031635761260986,0.8988745808601379,0.9151212573051453,0.0008117302
43,0.5094563961029053,0.507590115070343,0.9050827026367188,0.9209545254707336,0.00078249886
44,0.5144171714782715,0.5129108428955078,0.9107521772384644,0.9263424873352051,4.0299215e-05
45,0.519399881362915,0.5182571411132812,0.9160872101783752,0.931328535079956,6.789561e-05
46,0.5234746336936951,0.5226134657859802,0.9208889007568359,0.9358031749725342,-0.00016806848
47,0.529848575592041,0.5294384956359863,0.9252176880836487,0.939684271812439,-0.0001536113
48,0.5351512432098389,0.5351006984710693,0.929546058177948,0.9435622692108154,0.00035880128
49,0.5384117960929871,0.5385670065879822,0.9338163137435913,0.9473555088043213,0.0003004519
50,0.5399494171142578,0.5401812791824341,0.9380066990852356,0.9510121941566467,0.00026387261
51,0.5393581986427307,0.5395240187644958,0.9418304562568665,0.9543494582176208,-1.2251621e-05
52,0.5364913940429688,0.5364385843276978,0.9457436800003052,0.9577447175979614,0.000560307
53,0.534361720085144,0.5341417789459229,0.9494724869728088,0.9610242247581482,0.00027577084
54,0.5295590162277222,0.5289973020553589,0.9531483054161072,0.9642418026924133,0.00042330907
55,0.527753472328186,0.5270630121231079,0.9567656517028809,0.9674134850502014,0.0005661505
56,0.526426374912262,0.525632917881012,0.9600691199302673,0.9703372120857239,0.00012665062
57,0.5249376893043518,0.5240402817726135,0.9633491635322571,0.9731566309928894,0.00048891094
58,0.5245185494422913,0.5235987305641174,0.9665138125419617,0.9758284091949463,0.00043941557
59,0.5224396586418152,0.521385908126831,0.9694713354110718,0.9783127903938293,0.0002100304
60,0.5207846164703369,0.5196350812911987,0.9721314907073975,0.9805126786231995,7.005321e-06
61,0.5196521878242493,0.5184412002563477,0.9743844866752625,0.9823764562606812,-0.00026697177
62,0.5192575454711914,0.5180432200431824,0.9765451550483704,0.9841206669807434,0.000342551
63,0.519685685634613,0.5185219049453735,0.9785881638526917,0.9857580065727234,0.0003482984
64,0.5183103680610657,0.5170820951461792,0.980477511882782,0.9872710108757019,8.426675e-05
65,0.5163828134536743,0.5150559544563293,0.9821559190750122,0.9886273741722107,-3.8005564e-05
66,0.5139321684837341,0.5124775171279907,0.9836835265159607,0.9898595213890076,2.9815397e-05
67,0.5150941610336304,0.5137199759483337,0.985027015209198,0.9909612536430359,0.00028120118
68,0.5154013633728027,0.5140575170516968,0.9862920641899109,0.9919896125793457,0.00015328979
69,0.5165767073631287,0.5153090953826904,0.9874706268310547,0.9929478764533997,0.0002666034
70,0.5136794447898865,0.5122729539871216,0.9887273907661438,0.9939333200454712,0.0004919396
71,0.5077841877937317,0.5060988068580627,0.9899312257766724,0.9948557019233704,5.296213e-06
72,0.5038577318191528,0.502021312713623,0.9909969568252563,0.9956499934196472,5.790342e-05
73,0.5005019903182983,0.4985167980194092,0.9918342232704163,0.9963247179985046,-0.00036140956
74,0.4985186457633972,0.4964364171028137,0.9925888776779175,0.9969620704650879,0.00032620155
75,0.4964374899864197,0.4942440092563629,0.9932794570922852,0.997557520866394,7.033974e-05
76,0.4985932409763336,0.4964682161808014,0.9938132762908936,0.9980579614639282,0.0002597505
77,0.5000532269477844,0.4979979395866394,0.9943781495094299,0.9985315799713135,0.00025852697
78,0.4993630349636078,0.49728846549987793,0.9949633479118347,0.9989938139915466,6.836899e-05
79,0.4956032335758209,0.4933689832687378,0.995571494102478,0.9994687438011169,9.744114e-05
80,0.4942672550678253,0.4919935464859009,0.9960917830467224,0.9998677968978882,6.684202e-05
81,0.492849737405777,0.4905472993850708,0.9965694546699524,1.000217080116272,-9.9963756e-05
82,0.4934253394603729,0.49118322134017944,0.9969878196716309,1.000521183013916,0.00021671069
83,0.4916512072086334,0.48933857679367065,0.9974187016487122,1.000867486000061,0.0002855354
84,0.4894074499607086,0.48702600598335266,0.9978743195533752,1.0012105703353882,0.00036197607
85,0.48758628964424133,0.48516643047332764,0.9982848167419434,1.0015088319778442,-3.652199e-05
86,0.48532143235206604,0.482868492603302,0.9987416863441467,1.001824975013733,0.00066393614
87,0.4845845401287079,0.48216870427131653,0.999129056930542,1.002081274986267,-6.92265e-05
88,0.4803565740585327,0.4778601825237274,0.9995707273483276,1.002372145652771,0.00012722802
89,0.4767550528049469,0.4741954207420349,0.9999313354492188,1.0026134252548218,-0.00037104668
90,0.4701399803161621,0.4674284756183624,1.000332236289978,1.0028886795043945,6.37982e-05
91,0.46744558215141296,0.4647306203842163,1.0006487369537354,1.003090739250183,0.00025985975
92,0.4650022089481354,0.46227455139160156,1.000932216644287,1.0032837390899658,8.579963e-05
93,0.46679288148880005,0.464187353849411,1.0011299848556519,1.0033997297286987,0.00021840534
94,0.4697241485118866,0.46721431612968445,1.0012450218200684,1.00348961353302,-0.00030609075
95,0.4744020104408264,0.47204500436782837,1.001338243484497,1.0035592317581177,0.00035862677
96,0.48102471232414246,0.4789030849933624,1.0014114379882812,1.003596544265747,0.0002496246
97,0.4869503378868103,0.4850328266620636,1.0014896392822266,1.003650426864624,0.00022771537
98,0.49469253420829773,0.4930392801761627,1.0015403032302856,1.0036877393722534,0.00030602326
99,0.5010594725608826,0.49964359402656555,1.001612901687622,1.0037294626235962,1.7879931e-05
100,0.5086983442306519,0.5075664520263672,1.001652717590332,1.0037466287612915,-0.00013850053
101,0.512216329574585,0.5112176537513733,1.0017316341400146,1.0038033723831177,0.000174707
102,0.516198456287384,0.5153511762619019,1.001802682876587,1.003854513168335,1.634952e-05
103,0.520789623260498,0.5201205611228943,1.00188410282135,1.0039061307907104,0.00019604925
104,0.5265830755233765,0.5261339545249939,1.001938819885254,1.0039396286010742,-0.00027482447
105,0.5253575444221497,0.5248715877532959,1.0020313262939453,1.0040031671524048,0.00017458084
106,0.519838273525238,0.5191612839698792,1.0021647214889526,1.0041002035140991,0.00041432751
107,0.5146549344062805,0.5137961506843567,1.0022748708724976,1.004185438156128,-0.00023943416
108,0.5114434957504272,0.5104743838310242,1.0023664236068726,1.0042526721954346,-9.816805e-05
109,0.5105666518211365,0.5095774531364441,1.0024646520614624,1.004312515258789,0.0003398982
110,0.5086508989334106,0.5076088905334473,1.0025742053985596,1.0043808221817017,7.583028e-05
111,0.5052119493484497,0.5040728449821472,1.0027157068252563,1.0044705867767334,0.0003211851
112,0.5038056373596191,0.5026406049728394,1.002841830253601,1.004546880722046,0.0002000463
113,0.5024906396865845,0.5013023614883423,1.0029518604278564,1.004612684249878,-0.00019792838
114,0.4988609254360199,0.4975731670856476,1.003082275390625,1.004704236984253,9.0539994e-05
115,0.4933326244354248,0.4918985068798065,1.0032427310943604,1.004817008972168,0.00015881893
116,0.4894201159477234,0.4879092574119568,1.0033847093582153,1.004901647567749,-6.715958e-05
117,0.48500490188598633,0.48341378569602966,1.0035223960876465,1.0049824714660645,-0.00019556796
118,0.48106855154037476,0.4794360399246216,1.003653645515442,1.0050455331802368,-0.00020562239
119,0.48066744208335876,0.4790659248828888,1.0037366151809692,1.0050820112228394,0.00040774044
120,0.47909003496170044,0.47750383615493774,1.0038554668426514,1.0051428079605103,0.0003781788
121,0.47931715846061707,0.47777342796325684,1.0039539337158203,1.0051977634429932,0.0005301723
122,0.47738635540008545,0.4758104085922241,1.0040911436080933,1.005306601524353,0.0007073717
123,0.4741516709327698,0.4725132882595062,1.0042455196380615,1.0054339170455933,0.00026506142
124,0.47076359391212463,0.4690246880054474,1.004384994506836,1.0055714845657349,0.00025299325
125,0.46760931611061096,0.46574729681015015,1.0045050382614136,1.0057071447372437,7.982088e-05
126,0.4627510607242584,0.46075019240379333,1.0046502351760864,1.0058523416519165,-2.0394342e-05
127,0.4547746181488037,0.4525773525238037,1.004825234413147,1.0060232877731323,-0.00038740196
128,0.44680431485176086,0.444424569606781,1.0049993991851807,1.0061898231506348,0.0002158874
129,0.4424639344215393,0.4399850368499756,1.0051226615905762,1.0063045024871826,0.00029316783
130,0.43995600938796997,0.4374520182609558,1.0052292346954346,1.0063871145248413,0.00018497318
131,0.44412046670913696,0.44168952107429504,1.0052285194396973,1.0063798427581787,0.0002938111
132,0.4498746693134308,0.4475594162940979,1.005216360092163,1.006356954574585,0.0006035425
133,0.45995068550109863,0.45779070258140564,1.0051194429397583,1.0062826871871948,0.0004334069
134,0.47123655676841736,0.4693024158477783,1.0050032138824463,1.0061827898025513,0.00017844756
135,0.47911369800567627,0.4773571193218231,1.0049347877502441,1.0061229467391968,6.832817e-05
136,0.4837521016597748,0.48211178183555603,1.0049148797988892,1.0061019659042358,7.408285e-05
137,0.4884098470211029,0.4868791401386261,1.0048871040344238,1.00608229637146,8.118441e-07
138,0.49577757716178894,0.494434654712677,1.0048106908798218,1.0060207843780518,-0.00021244184
139,0.5027614831924438,0.5016160011291504,1.0047409534454346,1.0059583187103271,-3.2825927e-05
140,0.5085684061050415,0.5075961947441101,1.0046823024749756,1.0059043169021606,-9.764561e-05
141,0.5146270394325256,0.5138367414474487,1.0046191215515137,1.0058519840240479,7.688797e-05
142,0.5193337798118591,0.5186907649040222,1.0045664310455322,1.0058081150054932,-0.00019292568
143,0.5223693251609802,0.521825909614563,1.0045312643051147,1.0057780742645264,-2.2879161e-05
144,0.5237572193145752,0.5232628583908081,1.004514217376709,1.0057634115219116,4.1299623e-05
145,0.5247554779052734,0.5243032574653625,1.0045006275177002,1.005741834640503,-0.00037113062
146,0.5243368744850159,0.5238882899284363,1.0045229196548462,1.0057401657104492,0.0004531913
147,0.5232887268066406,0.5228222608566284,1.0045427083969116,1.0057406425476074,-0.0002228449
148,0.5221678614616394,0.5216808915138245,1.0045721530914307,1.0057505369186401,0.00019144043
149,0.5222948789596558,0.521821916103363,1.0045956373214722,1.005757212638855,5.1670024e-05
150,0.5214963555335999,0.5210142731666565,1.0046306848526,1.005768895149231,-4.011506e-05
151,0.5208877325057983,0.5203966498374939,1.004665732383728,1.005789875984192,0.00020341322
152,0.5184956192970276,0.5179495215415955,1.0047236680984497,1.005828619003296,0.00021305417
153,0.5167701840400696,0.5161826014518738,1.0047749280929565,1.005868673324585,9.614109e-05
154,0.5139905214309692,0.5133336782455444,1.0048270225524902,1.0059118270874023,-0.00027533754
155,0.5115307569503784,0.510812520980835,1.0048787593841553,1.0059558153152466,7.578453e-05
156,0.5084748864173889,0.5076752305030823,1.0049421787261963,1.0060169696807861,0.00030829053
157,0.5041795969009399,0.5032705068588257,1.0050069093704224,1.0060789585113525,-0.00047861756
158,0.49881893396377563,0.49777743220329285,1.0050957202911377,1.0061614513397217,0.00033661124
159,0.4950266182422638,0.493886262178421,1.005163311958313,1.006229043006897,0.00011480485
160,0.49191853404045105,0.4906998872756958,1.0052350759506226,1.006296157836914,0.00042179422
161,0.48803117871284485,0.486738383769989,1.0053378343582153,1.0063759088516235,0.0004001411
162,0.48504602909088135,0.48371070623397827,1.0054349899291992,1.0064446926116943,0.00025874635
163,0.4805103838443756,0.4791111648082733,1.0055627822875977,1.0065369606018066,0.0002703708
164,0.4744182825088501,0.4729371964931488,1.0057111978530884,1.0066455602645874,-6.0416205e-06
165,0.46629810333251953,0.4646932780742645,1.0058802366256714,1.0067819356918335,0.00010597435
166,0.45822200179100037,0.45649322867393494,1.0060350894927979,1.0069122314453125,-2.1633361e-05
167,0.4492453634738922,0.4473797678947449,1.0061925649642944,1.0070489645004272,-2.890572e-05
168,0.44206440448760986,0.4400953948497772,1.0063179731369019,1.007158875465393,9.0613525e-05
169,0.4386596977710724,0.43665242195129395,1.0063903331756592,1.0072212219238281,0.00017310567
170,0.4361037015914917,0.4340721666812897,1.006448745727539,1.0072712898254395,-6.9813075e-05
171,0.429214209318161,0.4271010160446167,1.0065655708312988,1.0073705911636353,-9.526979e-05
172,0.42322230339050293,0.42103394865989685,1.0066651105880737,1.0074586868286133,3.4337554e-05
173,0.417434424161911,0.41515791416168213,1.0067580938339233,1.007546305656433,0.000164584
174,0.4147830903530121,0.41247719526290894,1.0068150758743286,1.0075979232788086,0.00016248308
175,0.4124819040298462,0.4101194441318512,1.0068621635437012,1.0076501369476318,0.00017668481
176,0.41395044326782227,0.4115947484970093,1.006871223449707,1.0076652765274048,0.0005064319
177,0.4205392003059387,0.4182167053222656,1.0068089962005615,1.0076336860656738,0.00042274996
178,0.42832276225090027,0.4261109232902527,1.0067387819290161,1.0075799226760864,6.9542e-05
179,0.436738520860672,0.43459075689315796,1.0066417455673218,1.0075263977050781,0.0002915474
180,0.4428819715976715,0.4407663643360138,1.0065714120864868,1.0074995756149292,0.00036608585
181,0.4506528079509735,0.4486095905303955,1.0064773559570312,1.0074533224105835,0.00022181694
182,0.45793309807777405,0.45598384737968445,1.006389856338501,1.0074065923690796,0.00012054667
183,0.4652460217475891,0.4634210169315338,1.0063107013702393,1.0073590278625488,0.00054370053
184,0.4727635085582733,0.4710952341556549,1.0062307119369507,1.0073022842407227,8.868531e-05
185,0.47874826192855835,0.4772084057331085,1.0061709880828857,1.0072637796401978,0.00033342198
186,0.48263269662857056,0.4811895489692688,1.006136417388916,1.0072382688522339,-0.00016767894
187,0.4870028793811798,0.4856642782688141,1.006094217300415,1.0072094202041626,4.56353e-05
188,0.4919677972793579,0.49074578285217285,1.0060465335845947,1.0071810483932495,0.0002981764
189,0.4971378743648529,0.4960407614707947,1.0059956312179565,1.0071536302566528,0.00010834256
190,0.5010647177696228,0.5000667572021484,1.0059645175933838,1.007140040397644,0.00028937194
191,0.5054189562797546,0.5045334100723267,1.0059343576431274,1.007131814956665,0.00040119846
192,0.5113548636436462,0.5106345415115356,1.0058815479278564,1.0071130990982056,-0.0002539844
193,0.5160876512527466,0.5155085325241089,1.0058423280715942,1.007101058959961,6.187748e-05
194,0.5210098624229431,0.5205869078636169,1.0058048963546753,1.0070912837982178,8.159844e-05
195,0.5272814631462097,0.5270729064941406,1.0057767629623413,1.0070850849151611,0.00034678407
196,0.5326030254364014,0.5325819253921509,1.0057563781738281,1.0070828199386597,4.3940905e-05
197,0.5349341034889221,0.5349964499473572,1.005752682685852,1.0070916414260864,0.00053896254
198,0.5359712839126587,0.5360738635063171,1.005752682685852,1.0071022510528564,5.6400495e-06
199,0.5358923673629761,0.535994291305542,1.0057600736618042,1.0071173906326294,0.00023914252
200,0.5363067984580994,0.5364269614219666,1.0057737827301025,1.0071370601654053,0.0001990675
201,0.5349552631378174,0.5350258946418762,1.0057927370071411,1.0071585178375244,0.00017822275
202,0.5350592732429504,0.5351353287696838,1.0058146715164185,1.0071824789047241,0.00010386615
203,0.5329042077064514,0.532898485660553,1.0058435201644897,1.0072113275527954,0.0003876602
204,0.528931200504303,0.52876877784729,1.0058761835098267,1.0072431564331055,0.00026113176
205,0.5258405804634094,0.5255494713783264,1.0059059858322144,1.0072733163833618,-1.8000825e-05
206,0.5253777503967285,0.5250629782676697,1.0059319734573364,1.007298231124878,-2.5836503e-05
207,0.5241672396659851,0.5237991809844971,1.0059581995010376,1.007323980331421,2.0761858e-05
208,0.5206668972969055,0.5201546549797058,1.005998969078064,1.0073597431182861,0.00037930754
209,0.5165622234344482,0.5158835053443909,1.0060381889343262,1.007392406463623,-0.00025388185
210,0.5146507024765015,0.5138911604881287,1.0060694217681885,1.0074186325073242,6.45779e-05
211,0.5100767016410828,0.5091376304626465,1.0061193704605103,1.007459044456482,0.00016828533
212,0.5083436965942383,0.5073320269584656,1.0061441659927368,1.0074819326400757,-0.00025897258
213,0.5079637765884399,0.506925642490387,1.0061569213867188,1.007498860359192,1.4766527e-05
214,0.5063625574111938,0.5052574276924133,1.0061827898025513,1.007523775100708,9.184798e-05
215,0.503444492816925,0.5022290349006653,1.0062172412872314,1.0075535774230957,-0.00021380957
216,0.5024608373641968,0.5012227892875671,1.0062426328659058,1.0075647830963135,-0.00017744614
217,0.5002760291099548,0.49898722767829895,1.006290316581726,1.0075856447219849,0.0003291164
218,0.49949851632118225,0.49819883704185486,1.0063269138336182,1.0076040029525757,0.0002807989
219,0.500478982925415,0.49922052025794983,1.0063457489013672,1.0076125860214233,6.018454e-05
220,0.49989059567451477,0.49862417578697205,1.0063782930374146,1.007630467414856,-7.848471e-05
221,0.4986400008201599,0.49734389781951904,1.0064173936843872,1.0076535940170288,-2.73054e-05
222,0.4973253309726715,0.49599379301071167,1.0064557790756226,1.0076791048049927,8.8067616e-05
223,0.49803417921066284,0.4967404007911682,1.0064805746078491,1.007688045501709,-2.5941008e-06
224,0.4978339672088623,0.496561735868454,1.0065197944641113,1.0077003240585327,-1.4570785e-05
225,0.4979255795478821,0.4966869354248047,1.0065637826919556,1.0077136754989624,0.00032201974
226,0.49759554862976074,0.49636879563331604,1.006608247756958,1.0077334642410278,0.00016247928
227,0.4998551905155182,0.49871453642845154,1.0066293478012085,1.0077357292175293,9.7388234e-05
228,0.5015546679496765,0.5004856586456299,1.0066564083099365,1.0077406167984009,7.585534e-05
229,0.5022802948951721,0.5012510418891907,1.0066890716552734,1.0077524185180664,2.2178523e-05
230,0.5037634968757629,0.5027981996536255,1.0067172050476074,1.0077574253082275,2.061297e-05
231,0.5057374835014343,0.5048491954803467,1.006742238998413,1.0077582597732544,-1.2097316e-06
232,0.5073276162147522,0.5065061450004578,1.0067740678787231,1.007763147354126,0.00029949838
233,0.5084633231163025,0.5076942443847656,1.0068097114562988,1.0077720880508423,0.00013394056
234,0.5091943144798279,0.5084599852561951,1.0068434476852417,1.0077849626541138,5.805579e-05
235,0.5125290751457214,0.5118813514709473,1.0068576335906982,1.0077885389328003,0.0003311761
236,0.5163742303848267,0.5158182382583618,1.00686514377594,1.0077910423278809,0.00014565085
237,0.5185489058494568,0.5180442929267883,1.0068804025650024,1.007802128791809,6.7097e-05
238,0.521225094795227,0.5207833647727966,1.0068998336791992,1.0078140497207642,0.00041676022
239,0.5249297022819519,0.524569571018219,1.0069191455841064,1.007826566696167,0.00047452445
240,0.5292453765869141,0.5289762616157532,1.0069353580474854,1.0078378915786743,0.00013933404
241,0.5324867367744446,0.5322849154472351,1.0069549083709717,1.0078531503677368,0.00020305994
242,0.535154402256012,0.535006582736969,1.0069745779037476,1.0078684091567993,-4.4711953e-05
243,0.5382835268974304,0.5381991863250732,1.0069907903671265,1.0078812837600708,-0.00011133775
244,0.5410685539245605,0.5410394668579102,1.0070077180862427,1.00789475440979,3.9904833e-05
245,0.5425033569335938,0.5425000190734863,1.0070273876190186,1.007910132408142,0.00018084342
246,0.5443755984306335,0.544405460357666,1.0070477724075317,1.007925271987915,-5.718568e-06
247,0.5451488494873047,0.5451874732971191,1.0070775747299194,1.0079467296600342,0.00067291723
248,0.5449933409690857,0.5450210571289062,1.0071059465408325,1.0079668760299683,-9.939395e-07
249,0.544047474861145,0.5440482497215271,1.0071321725845337,1.007986068725586,9.222138e-06
250,0.5437057018280029,0.5436921715736389,1.007154941558838,1.0080028772354126,-0.00020716601
251,0.5445746779441833,0.5445718169212341,1.0071784257888794,1.0080205202102661,0.00013627279
252,0.5461696982383728,0.5461926460266113,1.0072014331817627,1.0080379247665405,1.44277055e-05
253,0.5462529063224792,0.5462708473205566,1.007227897644043,1.0080561637878418,0.00018676533
254,0.5468447208404541,0.5468681454658508,1.0072543621063232,1.0080742835998535,4.8398622e-05
255,0.5469088554382324,0.5469279289245605,1.007279634475708,1.008091688156128,-2.6387705e-05
256,0.54694664478302,0.5469602942466736,1.007305383682251,1.0081098079681396,0.00015459386
257,0.5462444424629211,0.5462387204170227,1.0073314905166626,1.0081273317337036,3.1467898e-06
258,0.5449457168579102,0.5449102520942688,1.007364273071289,1.0081491470336914,0.0005740174
259,0.5440971255302429,0.544041097164154,1.0074018239974976,1.0081732273101807,0.00041415024
260,0.5435940027236938,0.5435249209403992,1.007436990737915,1.008195161819458,-8.954848e-05
261,0.5422465801239014,0.542148232460022,1.007474422454834,1.0082191228866577,0.00033237928
262,0.5425255298614502,0.5424289107322693,1.0075043439865112,1.0082383155822754,-0.0002807072
263,0.5427843928337097,0.5426892638206482,1.0075335502624512,1.0082577466964722,0.00013601968
264,0.5433880090713501,0.5433002710342407,1.0075623989105225,1.0082777738571167,0.00021832692
265,0.5458627939224243,0.5458188652992249,1.0075873136520386,1.0082945823669434,-9.832482e-05
266,0.5466545820236206,0.5466234683990479,1.0076162815093994,1.0083141326904297,0.0004029675
267,0.5482260584831238,0.5482235550880432,1.0076484680175781,1.0083346366882324,0.0003076123
268,0.5495513081550598,0.5495726466178894,1.0076736211776733,1.0083504915237427,-0.0004890799
269,0.5503222942352295,0.5503562688827515,1.007699966430664,1.0083673000335693,0.00020819303
270,0.5500504970550537,0.5500746369361877,1.007729411125183,1.0083860158920288,0.0004895547
271,0.5478500723838806,0.547826886177063,1.007760763168335,1.0084073543548584,0.00055900146
272,0.5466183423995972,0.5465662479400635,1.0077893733978271,1.008427619934082,5.4813732e-05
273,0.5446351170539856,0.5445414781570435,1.007817268371582,1.008447527885437,6.750496e-05
274,0.5410386323928833,0.5408753156661987,1.007846474647522,1.0084689855575562,0.00019538614
275,0.5382935404777527,0.5380764603614807,1.0078715085983276,1.0084880590438843,-9.674049e-05
276,0.536206066608429,0.5359476804733276,1.0078940391540527,1.0085054636001587,-5.832986e-06
277,0.5341029167175293,0.5338061451911926,1.007916808128357,1.0085221529006958,7.4500924e-05
278,0.5321159362792969,0.5317856073379517,1.0079412460327148,1.0085383653640747,0.00010869479
279,0.5308276414871216,0.5304761528968811,1.0079631805419922,1.0085521936416626,-7.385625e-06
280,0.5277905464172363,0.5273945927619934,1.0079931020736694,1.0085711479187012,0.00014499687
281,0.5249558687210083,0.5245178937911987,1.0080236196517944,1.0085923671722412,0.00049817754
282,0.5215759873390198,0.521089494228363,1.0080560445785522,1.0086146593093872,4.8059817e-05
283,0.5178226232528687,0.5172849297523499,1.008089542388916,1.008636713027954,-7.5220014e-05
284,0.5139917731285095,0.513405442237854,1.0081247091293335,1.0086584091186523,0.00019553019
285,0.5100483894348145,0.5094153881072998,1.0081593990325928,1.008678674697876,-0.00011604803
286,0.5062527060508728,0.505577564239502,1.008194923400879,1.0086991786956787,0.00031796203
287,0.5036569833755493,0.5029582977294922,1.0082252025604248,1.0087171792984009,0.0005041299
288,0.5021893978118896,0.5014864206314087,1.008249044418335,1.0087299346923828,3.0597846e-05
289,0.49975597858428955,0.4990300238132477,1.0082749128341675,1.0087459087371826,-0.00020198306
290,0.497608482837677,0.496866911649704,1.0083012580871582,1.0087611675262451,0.00026186416
291,0.49463337659835815,0.49386632442474365,1.0083332061767578,1.0087796449661255,0.00023962274
292,0.4908252954483032,0.4900239408016205,1.0083686113357544,1.008799433708191,-0.00017342318
293,0.48619532585144043,0.48534977436065674,1.0084079504013062,1.0088220834732056,9.5533294e-05
294,0.4812001883983612,0.4803074598312378,1.008448600769043,1.0088461637496948,0.00018906478
295,0.47556769847869873,0.4746129810810089,1.0084896087646484,1.0088735818862915,9.436329e-05
296,0.46967989206314087,0.46865758299827576,1.0085302591323853,1.0089021921157837,0.0002467935
297,0.46427613496780396,0.4631832540035248,1.0085633993148804,1.008928894996643,-0.00014392249
298,0.4617324471473694,0.4606079161167145,1.008578896522522,1.0089435577392578,-0.00018606891
299,0.45742854475975037,0.45624151825904846,1.0086041688919067,1.008966088294983,0.0002620166
300,0.4550905227661133,0.4538574814796448,1.0086153745651245,1.0089812278747559,-0.00025415758
301,0.45672184228897095,0.4555157721042633,1.008608102798462,1.008979320526123,5.35977e-05
302,0.45793864130973816,0.45675116777420044,1.0086032152175903,1.0089796781539917,5.669058e-05
303,0.4611666202545166,0.46002906560897827,1.0085896253585815,1.0089738368988037,0.0005223852
304,0.46519023180007935,0.4641193449497223,1.0085736513137817,1.0089657306671143,0.0004942618
305,0.4702896773815155,0.4692993760108948,1.008551836013794,1.0089550018310547,0.0005073952
306,0.4764801263809204,0.475582093000412,1.0085195302963257,1.008939266204834,-0.00015444975
307,0.48187848925590515,0.48106250166893005,1.0084911584854126,1.008926272392273,0.00035184115
308,0.48519477248191833,0.48443353176116943,1.0084747076034546,1.0089205503463745,0.00025903614
309,0.4878244698047638,0.4871099889278412,1.0084631443023682,1.0089162588119507,7.774954e-05
310,0.4895678460597992,0.4888915717601776,1.0084598064422607,1.0089150667190552,0.0003596409
311,0.49232983589172363,0.4916977286338806,1.0084543228149414,1.008912205696106,0.00055784086
312,0.4937613308429718,0.4931580126285553,1.0084561109542847,1.008913516998291,0.00014517082
313,0.49613887071609497,0.49556732177734375,1.0084534883499146,1.0089120864868164,0.00012913346
314,0.4986824095249176,0.4981426000595093,1.008452296257019,1.0089105367660522,0.00032795125
315,0.5002616047859192,0.4997389614582062,1.0084526538848877,1.0089123249053955,-2.4630019e-05
316,0.5015606880187988,0.501049816608429,1.0084549188613892,1.008915901184082,0.00031430944
317,0.5045889616012573,0.5041042566299438,1.0084502696990967,1.008913278579712,-5.1345072e-05
318,0.5074333548545837,0.50697261095047,1.0084470510482788,1.0089118480682373,0.0001632843
319,0.509032666683197,0.5085848569869995,1.0084495544433594,1.0089143514633179,0.00025758252
320,0.5081457495689392,0.5076841115951538,1.008462905883789,1.008925199508667,0.0005306615
321,0.5071601271629333,0.5066854953765869,1.0084766149520874,1.008934736251831,-0.00016870591
322,0.5053955912590027,0.504898726940155,1.0084927082061768,1.0089470148086548,0.00018025044
323,0.5030620098114014,0.5025383234024048,1.0085090398788452,1.0089589357376099,-0.0003627806
324,0.5012758374214172,0.5007296204566956,1.0085231065750122,1.008970022201538,0.00016112872
325,0.4982410669326782,0.49766433238983154,1.0085453987121582,1.008985996246338,0.00049932813
326,0.49543964862823486,0.4948350489139557,1.00856614112854,1.0090010166168213,1.0398451e-05
327,0.49035701155662537,0.4897059500217438,1.008596658706665,1.009022831916809,0.00013418426
328,0.4859410524368286,0.48525571823120117,1.0086263418197632,1.009042501449585,0.00032332324
329,0.481831431388855,0.4811175763607025,1.0086538791656494,1.009060263633728,-6.59186e-05
330,0.47774338722229004,0.4769969582557678,1.008681058883667,1.0090794563293457,0.00047920537
331,0.47409576177597046,0.4733261466026306,1.0087063312530518,1.0090960264205933,-7.03948e-05
332,0.47081151604652405,0.4700239598751068,1.0087298154830933,1.009110927581787,1.5880658e-05
333,0.46844416856765747,0.4676544666290283,1.008750557899475,1.0091224908828735,0.00020018875
334,0.465739905834198,0.4649437963962555,1.008772611618042,1.0091346502304077,1.4677924e-05
335,0.46310898661613464,0.4622965157032013,1.008792757987976,1.0091488361358643,0.0004574823
336,0.4609183073043823,0.4600903391838074,1.00881028175354,1.0091623067855835,0.00017763583
337,0.4596066474914551,0.4587709307670593,1.0088236331939697,1.0091737508773804,0.00017495018
338,0.4573322832584381,0.45647647976875305,1.0088412761688232,1.0091872215270996,7.4990574e-05
339,0.45644646883010864,0.45558804273605347,1.0088523626327515,1.0091967582702637,7.987344e-05
340,0.4561256766319275,0.4552711248397827,1.0088613033294678,1.0092051029205322,0.00022854358
341,0.45713478326797485,0.4563167691230774,1.0088688135147095,1.0092085599899292,0.0003526435
342,0.4587652087211609,0.4579901099205017,1.0088728666305542,1.0092099905014038,-2.5003006e-05
343,0.45995691418647766,0.45921754837036133,1.0088787078857422,1.0092124938964844,0.00014261091
344,0.46136659383773804,0.4606674015522003,1.0088845491409302,1.0092142820358276,0.00015856288
345,0.4636312425136566,0.4629799723625183,1.0088859796524048,1.0092136859893799,-5.1330746e-05
346,0.4672435224056244,0.4666593074798584,1.0088844299316406,1.009210228919983,0.00037691486
347,0.47112637758255005,0.47060883045196533,1.0088822841644287,1.0092068910598755,0.0003927843
348,0.47718027234077454,0.4767516255378723,1.0088731050491333,1.0091989040374756,8.938252e-05
349,0.48469793796539307,0.48437216877937317,1.0088603496551514,1.0091888904571533,0.00030108116
350,0.4905898869037628,0.4903416931629181,1.0088508129119873,1.0091818571090698,0.00024745686
351,0.4948567748069763,0.49466195702552795,1.0088443756103516,1.0091768503189087,0.000101006895
352,0.4978766441345215,0.4977169334888458,1.0088425874710083,1.0091739892959595,0.0003752286
353,0.498079776763916,0.49790868163108826,1.008844256401062,1.0091739892959595,0.00028074044
354,0.49859610199928284,0.4984172284603119,1.0088461637496948,1.0091737508773804,-5.7073692e-05
355,0.49915605783462524,0.4989687204360962,1.0088475942611694,1.0091735124588013,-0.00016354094
356,0.49956730008125305,0.4993685185909271,1.0088509321212769,1.0091744661331177,0.00034896404
357,0.4997301399707794,0.49951720237731934,1.008854866027832,1.0091755390167236,-4.446911e-05
358,0.5007964372634888,0.5005863308906555,1.008858323097229,1.0091758966445923,-3.1543845e-05
359,0.5020014047622681,0.5017979145050049,1.0088623762130737,1.0091768503189087,0.00024198607
360,0.5016485452651978,0.501426637172699,1.00886869430542,1.009178876876831,8.7322405e-07
361,0.5029727816581726,0.5027658939361572,1.008874773979187,1.0091800689697266,0.0003466328
362,0.5040171146392822,0.5038228034973145,1.0088833570480347,1.0091826915740967,0.00052524917
363,0.5035179257392883,0.5033078193664551,1.0088938474655151,1.009186863899231,0.00018374348
364,0.5012526512145996,0.500994086265564,1.0089060068130493,1.0091928243637085,0.00011362249
365,0.498508095741272,0.4981953799724579,1.0089191198349,1.0091991424560547,4.565664e-05
366,0.4958037734031677,0.4954383671283722,1.0089319944381714,1.009205937385559,0.00021895109
367,0.4924182593822479,0.4919906556606293,1.0089460611343384,1.0092138051986694,8.481106e-05
368,0.48628878593444824,0.48575493693351746,1.0089664459228516,1.0092270374298096,0.00026190016
369,0.4803794026374817,0.47975054383277893,1.0089870691299438,1.0092400312423706,0.00024095076
370,0.4754127264022827,0.47472450137138367,1.0090078115463257,1.0092495679855347,0.00020541964
371,0.47143200039863586,0.4706999957561493,1.009024977684021,1.0092586278915405,0.00043150777
372,0.46768784523010254,0.4669134318828583,1.009040117263794,1.0092679262161255,-6.615342e-05
373,0.4656408429145813,0.46484124660491943,1.0090487003326416,1.0092746019363403,0.00030844499
374,0.46309468150138855,0.4622580409049988,1.0090584754943848,1.009283423423767,0.00010008
375,0.46206432580947876,0.46122118830680847,1.0090633630752563,1.0092867612838745,-0.0003678067
376,0.46003955602645874,0.4591635763645172,1.0090699195861816,1.0092939138412476,-9.0474525e-05
377,0.4604727625846863,0.4595909118652344,1.0090681314468384,1.0092965364456177,0.00042982504
378,0.4650149941444397,0.46419283747673035,1.0090528726577759,1.0092884302139282,0.00030745496
379,0.4679960310459137,0.46721264719963074,1.0090434551239014,1.0092850923538208,0.00035388907
380,0.4714866876602173,0.4707508087158203,1.009032130241394,1.0092804431915283,0.00015310783
381,0.474323570728302,0.4736246168613434,1.0090224742889404,1.009277582168579,2.7964175e-05
382,0.476118266582489,0.4754423499107361,1.0090157985687256,1.0092766284942627,-0.00021219868
383,0.47897061705589294,0.4783312976360321,1.0090053081512451,1.0092735290527344,1.27882595e-05
384,0.48134922981262207,0.4807406961917877,1.0089976787567139,1.009272575378418,0.0005621673
385,0.48239001631736755,0.481793612241745,1.0089945793151855,1.0092748403549194,0.0001664391
386,0.48293668031692505,0.48235228657722473,1.008995771408081,1.009277582168579,0.00027012062
387,0.4840542674064636,0.4834895730018616,1.008995532989502,1.0092791318893433,8.535185e-05
388,0.48169374465942383,0.48110684752464294,1.009006142616272,1.0092865228652954,-0.00026996975
389,0.4785447418689728,0.4779236614704132,1.009017825126648,1.009294867515564,-0.0002951206
390,0.47441425919532776,0.47374171018600464,1.0090322494506836,1.0093060731887817,0.00017686251
391,0.47170865535736084,0.47100043296813965,1.0090413093566895,1.0093145370483398,3.5484292e-05
392,0.47023117542266846,0.4695098102092743,1.0090488195419312,1.0093203783035278,0.00041510112
393,0.47085851430892944,0.4701468348503113,1.0090478658676147,1.009322166442871,-4.2120795e-05
394,0.4720613658428192,0.47136226296424866,1.0090456008911133,1.009324312210083,0.000585196
395,0.47277384996414185,0.472090482711792,1.009047508239746,1.009326457977295,0.00019935334
396,0.4723721742630005,0.47168678045272827,1.0090522766113281,1.0093311071395874,-7.295159e-05
397,0.4727025628089905,0.4720248878002167,1.00905442237854,1.009333848953247,-8.489664e-05
398,0.4747794270515442,0.4741295874118805,1.0090515613555908,1.0093337297439575,0.00039130694
399,0.47655439376831055,0.4759335219860077,1.009050726890564,1.0093332529067993,-1.7247352e-05
400,0.4775785505771637,0.47697022557258606,1.0090504884719849,1.0093350410461426,-2.0911708e-05
401,0.4779414236545563,0.4773338735103607,1.00905179977417,1.0093389749526978,0.00023627002
402,0.4776739478111267,0.4770573675632477,1.0090546607971191,1.009344458580017,4.0557134e-05
403,0.47747841477394104,0.47685885429382324,1.0090583562850952,1.0093488693237305,-3.7729835e-05
404,0.4772636890411377,0.4766451120376587,1.0090633630752563,1.009352684020996,9.1179725e-05
405,0.47852012515068054,0.4779181182384491,1.009063720703125,1.009353518486023,-5.29362e-05
406,0.48162129521369934,0.48105674982070923,1.0090595483779907,1.0093508958816528,0.00032504863
407,0.48286673426628113,0.4823205769062042,1.0090610980987549,1.0093517303466797,7.7600605e-05
408,0.4836592972278595,0.4831242561340332,1.00906240940094,1.0093529224395752,-0.00029664635
409,0.48553428053855896,0.48501959443092346,1.009061336517334,1.009352684020996,0.0003035864
410,0.48750558495521545,0.4870121479034424,1.009060263633728,1.0093519687652588,1.3620607e-05
411,0.4911944568157196,0.49073296785354614,1.009053111076355,1.0093481540679932,-0.00013259468
412,0.494986355304718,0.4945540428161621,1.0090453624725342,1.0093451738357544,0.0003426767
413,0.4988405108451843,0.49843698740005493,1.0090371370315552,1.0093421936035156,2.1982967e-05
414,0.5027579665184021,0.5023833513259888,1.0090287923812866,1.0093395709991455,8.599408e-05
415,0.5066047310829163,0.5062601566314697,1.0090216398239136,1.009337306022644,0.00014989018
416,0.5113670825958252,0.5110629200935364,1.009012222290039,1.0093344449996948,0.00015933017
417,0.5161252617835999,0.5158661603927612,1.0090042352676392,1.009332299232483,0.00039388344
418,0.5207669734954834,0.5205580592155457,1.0089980363845825,1.0093306303024292,0.00024212127
419,0.5245123505592346,0.5243464112281799,1.008994698524475,1.009329915046692,0.00021683949
420,0.5255957841873169,0.5254319310188293,1.0089941024780273,1.0093305110931396,-3.662169e-05
421,0.525450587272644,0.5252674221992493,1.008995771408081,1.0093327760696411,0.0004046711
422,0.524353563785553,0.5241342782974243,1.0089988708496094,1.0093358755111694,0.0001379468
423,0.5227901339530945,0.5225270986557007,1.009003758430481,1.0093399286270142,0.00027384458
424,0.5171852111816406,0.5168130397796631,1.0090141296386719,1.0093470811843872,-0.00024155181
425,0.5102555751800537,0.5097623467445374,1.009028673171997,1.0093573331832886,0.00043847878
426,0.5059400200843811,0.5053784847259521,1.009037971496582,1.0093637704849243,7.016308e-06
427,0.5037514567375183,0.5031582713127136,1.0090411901474,1.0093669891357422,-3.4305252e-05
428,0.499847412109375,0.4992022216320038,1.0090504884719849,1.0093753337860107,0.00028968364
429,0.49495336413383484,0.4942496716976166,1.0090640783309937,1.0093854665756226,-0.0001871174
430,0.49219751358032227,0.49147698283195496,1.0090723037719727,1.009390950202942,9.1024325e-05
431,0.492570698261261,0.4918912947177887,1.0090723037719727,1.0093903541564941,0.00026399078
432,0.49502262473106384,0.4944162368774414,1.0090655088424683,1.0093867778778076,5.712091e-05
433,0.4978334903717041,0.4973128139972687,1.0090590715408325,1.0093817710876465,-0.00017508237
434,0.5017673373222351,0.5013508200645447,1.0090500116348267,1.0093755722045898,-2.0718355e-05
435,0.5040572285652161,0.5037121772766113,1.0090456008911133,1.0093721151351929,0.00034781234
436,0.5063880085945129,0.5061091780662537,1.0090399980545044,1.0093692541122437,-2.5914655e-05
437,0.5084781050682068,0.5082599520683289,1.0090363025665283,1.0093672275543213,0.00022710639
438,0.5100393891334534,0.5098710656166077,1.009033441543579,1.0093653202056885,-0.00020948151
439,0.5099784731864929,0.5098247528076172,1.009031891822815,1.009364366531372,-0.00014175632
440,0.5068179368972778,0.50661301612854,1.0090330839157104,1.0093653202056885,9.850146e-05
441,0.5039880871772766,0.5037373900413513,1.0090349912643433,1.0093668699264526,0.00023201507
442,0.501278817653656,0.5009862780570984,1.009037971496582,1.009368658065796,8.581552e-05
443,0.49757683277130127,0.49722540378570557,1.0090433359146118,1.009372353553772,0.00030582768
444,0.4939432740211487,0.4935359060764313,1.009048342704773,1.009375810623169,-0.0002490378
445,0.4904559850692749,0.48999884724617004,1.0090538263320923,1.009379267692566,-6.2605584e-05
446,0.48898932337760925,0.48851290345191956,1.0090559720993042,1.0093801021575928,8.532055e-05
447,0.48851796984672546,0.48803550004959106,1.009056806564331,1.0093802213668823,0.00027648767
448,0.4876422882080078,0.4871443510055542,1.009057879447937,1.0093821287155151,0.00013495513
449,0.48713019490242004,0.4866218864917755,1.0090588331222534,1.0093835592269897,3.5803532e-07
450,0.48511767387390137,0.4845825135707855,1.0090644359588623,1.00938880443573,0.00037851068
451,0.4828958511352539,0.4823346436023712,1.0090724229812622,1.0093951225280762,0.00040947337
452,0.4820089340209961,0.4814397394657135,1.0090781450271606,1.0093985795974731,7.115166e-05
453,0.4809938669204712,0.48041924834251404,1.0090852975845337,1.0094020366668701,9.732038e-05
454,0.4814094603061676,0.480840802192688,1.0090882778167725,1.009402871131897,0.00016915216
455,0.4804278314113617,0.4798523485660553,1.0090951919555664,1.0094071626663208,0.00018135764
456,0.4783828556537628,0.477791965007782,1.0091054439544678,1.0094141960144043,0.00024412828
457,0.4783608317375183,0.4777679741382599,1.0091097354888916,1.0094176530838013,0.00036893805
458,0.47895175218582153,0.4783598482608795,1.0091129541397095,1.0094208717346191,0.00057099096
459,0.47860753536224365,0.4780067801475525,1.0091174840927124,1.0094259977340698,-0.00012902293
460,0.48041418194770813,0.4798196256160736,1.0091159343719482,1.0094267129898071,0.00025400944
461,0.48223626613616943,0.4816465675830841,1.009114146232605,1.0094276666641235,0.00023179279
462,0.4841865301132202,0.48360541462898254,1.0091134309768677,1.0094283819198608,0.00035982576
463,0.4861305356025696,0.48556041717529297,1.0091135501861572,1.0094289779663086,0.0002187032
464,0.4892193078994751,0.4886678457260132,1.0091103315353394,1.0094270706176758,0.00010238633
465,0.4913814067840576,0.4908424913883209,1.0091087818145752,1.009426474571228,-0.000231224
466,0.4943598806858063,0.4938386380672455,1.0091044902801514,1.009424090385437,-0.00010677822
467,0.4952383041381836,0.4947205185890198,1.0091060400009155,1.0094259977340698,0.000121659556
468,0.4952625334262848,0.4947454631328583,1.0091108083724976,1.0094293355941772,0.00011699268
469,0.49394461512565613,0.49341967701911926,1.0091190338134766,1.0094352960586548,1.4164369e-05
470,0.4936201870441437,0.4930909276008606,1.0091238021850586,1.009439468383789,8.309772e-05
471,0.4924103319644928,0.4918719232082367,1.009131669998169,1.0094457864761353,0.00030120247
472,0.4924044907093048,0.4918642044067383,1.0091367959976196,1.00944983959198,0.0002824972
473,0.4931924641132355,0.4926561415195465,1.0091404914855957,1.00945246219635,0.0002510274
474,0.49326738715171814,0.4927326738834381,1.0091458559036255,1.009455680847168,-0.00016548738
475,0.49249789118766785,0.4919598400592804,1.0091530084609985,1.0094603300094604,-6.22199e-05
476,0.49094367027282715,0.4904021918773651,1.0091625452041626,1.0094656944274902,-0.00022923587
477,0.4889812469482422,0.48843514919281006,1.009172797203064,1.0094716548919678,6.8167883e-06
478,0.48709896206855774,0.48654916882514954,1.0091822147369385,1.009476900100708,-0.0002769576
479,0.48572731018066406,0.4851762354373932,1.0091899633407593,1.0094811916351318,6.3476284e-05
480,0.48333147168159485,0.48277825117111206,1.0092008113861084,1.0094867944717407,-0.00014015476
481,0.4819549024105072,0.48140284419059753,1.0092092752456665,1.009491205215454,0.00032258124
482,0.4812350273132324,0.4806826412677765,1.0092151165008545,1.0094949007034302,0.00028711426
483,0.48063868284225464,0.48008203506469727,1.0092201232910156,1.0094993114471436,0.00028046384
484,0.4777718484401703,0.4772079288959503,1.009231686592102,1.009507179260254,-0.00012631161
485,0.4754117429256439,0.4748452305793762,1.009243130683899,1.009514331817627,0.00044950913
486,0.4730585813522339,0.4724962115287781,1.0092558860778809,1.0095207691192627,0.00017916286
487,0.47160011529922485,0.4710426330566406,1.0092660188674927,1.009526014328003,0.00036098895
488,0.4712393581867218,0.4706881642341614,1.0092735290527344,1.009529709815979,0.00040277408
489,0.4702101945877075,0.46966469287872314,1.0092830657958984,1.009534478187561,0.00014901049
490,0.46957704424858093,0.46903786063194275,1.0092906951904297,1.009538173675537,-0.0001895403
491,0.46831801533699036,0.46778422594070435,1.0093003511428833,1.0095430612564087,0.00035227052
492,0.4686693549156189,0.4681401550769806,1.0093051195144653,1.0095455646514893,0.00020597412
493,0.47124189138412476,0.47072163224220276,1.0093040466308594,1.0095442533493042,3.3553188e-05
494,0.4741515815258026,0.4736424684524536,1.009302020072937,1.0095419883728027,-0.00012643143
495,0.4783814549446106,0.47788894176483154,1.0092971324920654,1.0095373392105103,0.00018134926
496,0.48367127776145935,0.4832000434398651,1.0092895030975342,1.0095309019088745,0.00016438538
497,0.4886370301246643,0.4881899058818817,1.009283185005188,1.0095248222351074,0.00012234286
498,0.49304404854774475,0.4926205575466156,1.0092780590057373,1.0095199346542358,0.00025323048
499,0.49636369943618774,0.4959583580493927,1.0092755556106567,1.0095174312591553,0.0005502263
500,0.49847522377967834,0.49808433651924133,1.0092759132385254,1.0095164775848389,8.3383165e-05
501,0.5023212432861328,0.5019537210464478,1.0092720985412598,1.009513020515442,8.848851e-05
502,0.5069682598114014,0.5066298246383667,1.00926673412323,1.0095088481903076,0.00018871861
503,0.5111916661262512,0.5108838677406311,1.0092620849609375,1.0095044374465942,-0.00022960543
504,0.5155576467514038,0.515285313129425,1.0092576742172241,1.0094996690750122,6.487262e-06
505,0.5187625885009766,0.5185162425041199,1.0092546939849854,1.0094964504241943,-6.118417e-05
506,0.519723653793335,0.5194863080978394,1.009257197380066,1.0094964504241943,0.0007694985
507,0.5219295024871826,0.5217129588127136,1.0092583894729614,1.009495496749878,0.0002773619
508,0.5246885418891907,0.524498701095581,1.009259819984436,1.0094945430755615,0.0004399629
509,0.5271525382995605,0.5269867181777954,1.0092620849609375,1.0094943046569824,0.0004079394
510,0.5280379056930542,0.5278822779655457,1.0092657804489136,1.0094950199127197,-0.00012629156
511,0.5294921398162842,0.5293527841567993,1.0092692375183105,1.0094952583312988,5.7020316e-05
512,0.5302845239639282,0.5301536917686462,1.0092734098434448,1.0094966888427734,0.00045337324
513,0.5302251577377319,0.5300924181938171,1.0092777013778687,1.0094990730285645,9.684188e-05
514,0.5299369692802429,0.5297996401786804,1.0092823505401611,1.0095020532608032,0.00031646382
515,0.5287768244743347,0.5286266207695007,1.0092875957489014,1.0095056295394897,0.00016351428
516,0.5284045338630676,0.5282495617866516,1.0092928409576416,1.0095092058181763,0.0005278867
517,0.5275890827178955,0.527426540851593,1.0092980861663818,1.0095125436782837,-0.00022437051
518,0.5254074335098267,0.5252267122268677,1.0093047618865967,1.0095168352127075,5.700835e-05
519,0.5241511464118958,0.5239617228507996,1.009311318397522,1.0095202922821045,0.00030832287
520,0.5233966112136841,0.5232025980949402,1.0093179941177368,1.009523868560791,0.0004940946
521,0.5218321681022644,0.5216295719146729,1.009326696395874,1.009528398513794,0.00059937953
522,0.5194591283798218,0.5192438960075378,1.0093358755111694,1.009533405303955,-6.923013e-05
523,0.5179094672203064,0.5176867246627808,1.0093438625335693,1.009537696838379,0.00020124676
524,0.5159436464309692,0.5157110095024109,1.0093517303466797,1.0095423460006714,1.9313542e-05
525,0.5154498219490051,0.5152143239974976,1.0093570947647095,1.0095455646514893,2.4600275e-05
526,0.5149760842323303,0.5147398114204407,1.009363055229187,1.009548306465149,0.00015880604
527,0.5146202445030212,0.5143837332725525,1.0093690156936646,1.0095514059066772,0.0003508483
528,0.5132761597633362,0.5130360126495361,1.0093759298324585,1.0095548629760742,-0.0002739245
529,0.5112782716751099,0.5110307335853577,1.0093837976455688,1.0095596313476562,0.00048248877
530,0.5100399851799011,0.5097870826721191,1.0093897581100464,1.009563684463501,5.189983e-05
531,0.5104561448097229,0.5102034211158752,1.0093929767608643,1.009566068649292,0.00010863133
532,0.511328935623169,0.511076807975769,1.0093953609466553,1.0095683336257935,0.0003517862
533,0.5115460753440857,0.5112926363945007,1.0093984603881836,1.0095709562301636,-7.6394994e-05
534,0.5116530656814575,0.511398196220398,1.009401559829712,1.0095735788345337,-3.7075122e-05
535,0.5115427374839783,0.5112854838371277,1.0094050168991089,1.0095765590667725,0.00020168594
536,0.5106932520866394,0.510430634021759,1.0094095468521118,1.009580373764038,0.00025931615
537,0.5099623799324036,0.509696900844574,1.0094144344329834,1.009583830833435,0.00017794251
538,0.5078843832015991,0.5076103806495667,1.0094207525253296,1.0095887184143066,1.7103892e-05
539,0.5052867531776428,0.5050036907196045,1.0094281435012817,1.0095940828323364,0.0002615073
540,0.5037689805030823,0.5034824013710022,1.0094349384307861,1.0095983743667603,0.00053084764
541,0.5023519396781921,0.5020620226860046,1.0094410181045532,1.009602427482605,4.9141294e-05
542,0.5002342462539673,0.4999427795410156,1.0094491243362427,1.0096067190170288,0.00012161552
543,0.4993194043636322,0.4990278482437134,1.009454607963562,1.0096098184585571,0.00012091223
544,0.49841952323913574,0.4981246292591095,1.0094594955444336,1.0096135139465332,0.0004151178
545,0.49785760045051575,0.49756041169166565,1.0094637870788574,1.0096168518066406,0.0002227563
546,0.4981801211833954,0.4978840947151184,1.009467601776123,1.0096193552017212,0.0005517403
547,0.49881815910339355,0.49852362275123596,1.0094705820083618,1.009621500968933,0.00010137461
548,0.49841833114624023,0.4981224834918976,1.0094752311706543,1.00962495803833,0.00031868066
549,0.4969370663166046,0.49663716554641724,1.0094815492630005,1.009629726409912,0.00034985685
550,0.4950517416000366,0.4947498142719269,1.009488582611084,1.009634256362915,-2.8617433e-05
551,0.4928683340549469,0.4925641715526581,1.0094956159591675,1.0096386671066284,-0.00023825525
552,0.4900057315826416,0.4896986186504364,1.0095038414001465,1.009643793106079,0.0003873341
553,0.4874301254749298,0.487120121717453,1.0095113515853882,1.0096487998962402,0.00021982068
554,0.48425835371017456,0.4839431047439575,1.009519338607788,1.0096545219421387,0.00030730353
555,0.4829837679862976,0.48266568779945374,1.0095241069793701,1.0096583366394043,0.00010631954
556,0.48351776599884033,0.4831998944282532,1.0095261335372925,1.009660243988037,0.00020682233
557,0.483831524848938,0.4835156500339508,1.0095291137695312,1.00966215133667,0.0002696911
558,0.4836944341659546,0.48337897658348083,1.0095322132110596,1.0096644163131714,-0.000104837905
559,0.48443901538848877,0.4841265082359314,1.009534239768982,1.0096654891967773,6.1096085e-05
560,0.483518123626709,0.4832066297531128,1.0095387697219849,1.009668231010437,0.00021515362
561,0.4823542833328247,0.48204460740089417,1.0095441341400146,1.0096712112426758,0.00046787082
562,0.4828134775161743,0.48250800371170044,1.0095471143722534,1.0096725225448608,0.00010643079
563,0.4837568998336792,0.48345425724983215,1.0095491409301758,1.0096735954284668,0.00028854678
564,0.4850148856639862,0.4847153425216675,1.0095508098602295,1.0096744298934937,0.000393456
565,0.4855179786682129,0.48522037267684937,1.0095531940460205,1.0096758604049683,-0.00012454548
566,0.48540982604026794,0.4851122200489044,1.0095560550689697,1.0096778869628906,4.005451e-05
567,0.48518791794776917,0.4848931133747101,1.0095596313476562,1.0096796751022339,-8.538191e-07
568,0.48618045449256897,0.48588937520980835,1.009561538696289,1.0096802711486816,0.00031987834
569,0.4883025586605072,0.48801612854003906,1.0095617771148682,1.0096797943115234,0.00017156475
570,0.49049806594848633,0.49021533131599426,1.0095617771148682,1.0096795558929443,0.00052559364
571,0.49251899123191833,0.4922374486923218,1.0095614194869995,1.0096796751022339,3.0742594e-06
572,0.49236616492271423,0.49208253622055054,1.00956392288208,1.0096818208694458,5.611102e-05
573,0.49430471658706665,0.49402302503585815,1.0095640420913696,1.0096819400787354,0.0005662139
574,0.4966554641723633,0.496378093957901,1.009563684463501,1.0096815824508667,0.00029375384
575,0.4991881847381592,0.49891677498817444,1.0095632076263428,1.0096808671951294,7.49697e-05
576,0.5013887882232666,0.5011246204376221,1.009563684463501,1.0096803903579712,0.0002761577
577,0.5033846497535706,0.5031285285949707,1.0095646381378174,1.0096800327301025,0.00037382235
578,0.5058002471923828,0.505553662776947,1.0095651149749756,1.0096793174743652,0.0001763047
579,0.5083731412887573,0.508137583732605,1.0095651149749756,1.0096781253814697,-0.000111531815
580,0.5093421936035156,0.5091099739074707,1.0095670223236084,1.0096789598464966,0.00046305457
581,0.5101063251495361,0.5098779201507568,1.0095691680908203,1.0096795558929443,-0.00020960209
582,0.5098190307617188,0.5095899701118469,1.0095725059509277,1.0096808671951294,-0.00015276775
583,0.5097239017486572,0.5094940662384033,1.009575366973877,1.009682297706604,0.00029852334
584,0.509223997592926,0.5089905261993408,1.0095783472061157,1.0096840858459473,2.849687e-06
585,0.5088566541671753,0.5086215138435364,1.0095810890197754,1.0096855163574219,-0.00031715096
586,0.5095705389976501,0.5093386173248291,1.009582281112671,1.00968599319458,0.00023193892
587,0.5111823678016663,0.5109594464302063,1.0095826387405396,1.0096855163574219,0.00021262545
588,0.5119642019271851,0.5117436647415161,1.0095834732055664,1.0096861124038696,8.402541e-05
589,0.5132235288619995,0.5130082368850708,1.0095837116241455,1.0096863508224487,0.00013510723
590,0.5154792070388794,0.5152748823165894,1.00958251953125,1.0096856355667114,-0.00010635663
591,0.5171889662742615,0.516994059085846,1.0095826387405396,1.0096855163574219,0.00065659854
592,0.518059253692627,0.5178697109222412,1.009583830833435,1.00968599319458,9.9333505e-05
593,0.5182756185531616,0.5180872082710266,1.0095857381820679,1.0096871852874756,0.00015131306
594,0.519011914730072,0.5188288688659668,1.0095874071121216,1.0096877813339233,0.00027554075
595,0.5186278223991394,0.5184417366981506,1.0095899105072021,1.0096898078918457,0.00032593316
596,0.517961323261261,0.5177701711654663,1.0095927715301514,1.0096920728683472,0.0002194871
597,0.5156552195549011,0.5154475569725037,1.0095970630645752,1.0096960067749023,0.0002038899
598,0.5126685500144958,0.5124412178993225,1.0096021890640259,1.0097004175186157,0.00031635986
599,0.5110387802124023,0.5107996463775635,1.0096054077148438,1.009703516960144,-0.00017231525
600,0.5080273747444153,0.5077687501907349,1.0096105337142944,1.0097079277038574,0.00032253636
601,0.5043802261352539,0.5040957927703857,1.0096157789230347,1.0097132921218872,1.4708836e-05
602,0.5011550784111023,0.5008482336997986,1.0096206665039062,1.0097180604934692,0.0003207677
603,0.495485782623291,0.49514248967170715,1.0096288919448853,1.0097253322601318,-0.00023070553
604,0.49073636531829834,0.49036309123039246,1.0096355676651,1.009731411933899,0.00010689169
605,0.4860374629497528,0.48563385009765625,1.0096421241760254,1.0097373723983765,-5.6258898e-05
606,0.48206639289855957,0.48163533210754395,1.009647250175476,1.0097424983978271,0.00022976066
607,0.479534387588501,0.4790928363800049,1.0096510648727417,1.009745717048645,0.00034563534
608,0.4775315225124359,0.477083683013916,1.0096540451049805,1.0097482204437256,-5.556224e-05
609,0.47685500979423523,0.4764111638069153,1.0096551179885864,1.0097490549087524,-3.6650683e-05
610,0.47638973593711853,0.47595080733299255,1.0096559524536133,1.0097496509552002,4.4714958e-05
611,0.47504308819770813,0.47459784150123596,1.009657859802246,1.009751796722412,0.00026677037
612,0.47286510467529297,0.47241175174713135,1.0096616744995117,1.0097546577453613,-0.00028113637
613,0.47165384888648987,0.4712003767490387,1.0096640586853027,1.0097562074661255,0.0001407619
614,0.4699288606643677,0.4694719910621643,1.0096675157546997,1.0097583532333374,0.0001533732
615,0.4685664176940918,0.4681084454059601,1.009670376777649,1.0097601413726807,-0.00014304568
616,0.4674529731273651,0.4669957458972931,1.0096728801727295,1.0097614526748657,-4.69332e-05
617,0.46593335270881653,0.4654790163040161,1.0096763372421265,1.0097628831863403,-0.00035510107
618,0.46513646841049194,0.46468669176101685,1.009678602218628,1.0097638368606567,0.00020403424
619,0.4666576385498047,0.46622389554977417,1.0096766948699951,1.0097622871398926,0.00023289517
620,0.4691470265388489,0.46873295307159424,1.0096734762191772,1.0097599029541016,0.0007752527
621,0.471798300743103,0.47140055894851685,1.0096696615219116,1.0097575187683105,7.1294344e-05
622,0.4748542606830597,0.4744757115840912,1.0096654891967773,1.0097545385360718,0.00011088059
623,0.477780282497406,0.4774162173271179,1.0096611976623535,1.0097516775131226,4.5667388e-05
624,0.4798457622528076,0.47949469089508057,1.0096584558486938,1.0097497701644897,0.00035531796
625,0.4810854494571686,0.4807419776916504,1.0096566677093506,1.0097490549087524,0.000169259
626,0.48274844884872437,0.48240599036216736,1.0096534490585327,1.0097483396530151,2.5732596e-05
627,0.4848070740699768,0.4844641387462616,1.0096495151519775,1.0097472667694092,3.655009e-05
628,0.4872792661190033,0.4869394898414612,1.009645700454712,1.009745478630066,5.589651e-05
629,0.48997047543525696,0.4896334707736969,1.0096416473388672,1.0097434520721436,0.00010171363
630,0.49206143617630005,0.49172765016555786,1.0096385478973389,1.009742021560669,9.458862e-05
631,0.4956006407737732,0.4952697157859802,1.0096335411071777,1.0097395181655884,0.00042445568
632,0.49866828322410583,0.4983414113521576,1.0096293687820435,1.0097373723983765,6.868283e-05
633,0.5010590553283691,0.5007361769676208,1.0096262693405151,1.0097360610961914,0.00031877248
634,0.5034350156784058,0.5031159520149231,1.0096231698989868,1.009734869003296,2.6434434e-05
635,0.503017008304596,0.5027012228965759,1.0096238851547241,1.0097358226776123,-0.00015512606
636,0.5029414296150208,0.5026299953460693,1.009624719619751,1.00973641872406,0.0002158857
637,0.5033490657806396,0.5030401945114136,1.009624719619751,1.0097368955612183,0.00022081009
638,0.5030477046966553,0.5027403831481934,1.0096255540847778,1.0097378492355347,-6.02668e-05
639,0.5024914741516113,0.5021858215332031,1.0096269845962524,1.0097390413284302,0.00013740997
640,0.502717137336731,0.5024114847183228,1.0096269845962524,1.009739875793457,-0.0001805575
641,0.5010667443275452,0.5007585883140564,1.0096293687820435,1.0097421407699585,0.00013872291
642,0.49936041235923767,0.49905064702033997,1.0096321105957031,1.0097442865371704,-1.8838458e-05
643,0.49843457341194153,0.498126745223999,1.0096346139907837,1.0097455978393555,0.00029657697
644,0.4968503713607788,0.4965434968471527,1.0096383094787598,1.0097476243972778,0.0005296134
645,0.49536827206611633,0.49506112933158875,1.0096416473388672,1.0097496509552002,0.00021598322
646,0.4923902153968811,0.4920760989189148,1.0096464157104492,1.0097527503967285,-0.00015721997
647,0.4883095920085907,0.48797985911369324,1.009651780128479,1.0097566843032837,2.438204e-05
648,0.48450028896331787,0.4841534495353699,1.0096566677093506,1.0097602605819702,-4.6520505e-05
649,0.4804997146129608,0.4801347553730011,1.0096622705459595,1.0097635984420776,0.00019036504
650,0.47830259799957275,0.47793108224868774,1.0096654891967773,1.009765863418579,8.7992004e-05
651,0.47594743967056274,0.4755648374557495,1.0096687078475952,1.0097682476043701,8.468701e-05
652,0.47295570373535156,0.4725548326969147,1.0096726417541504,1.0097709894180298,-3.9140323e-06
653,0.46909573674201965,0.4686695337295532,1.0096783638000488,1.0097739696502686,0.0006333421
654,0.4643339514732361,0.4638676047325134,1.0096845626831055,1.009777307510376,-0.00023650035
655,0.462285578250885,0.46181249618530273,1.0096877813339233,1.0097789764404297,5.589383e-05
656,0.46000730991363525,0.4595199227333069,1.0096908807754517,1.009781002998352,8.5210035e-05
657,0.456077516078949,0.4555496573448181,1.0096955299377441,1.0097839832305908,-3.9329047e-05
658,0.4544491469860077,0.4539138376712799,1.0096979141235352,1.0097854137420654,0.00012579694
659,0.4570060670375824,0.45653286576271057,1.0096964836120605,1.0097835063934326,-0.00034358504
660,0.4585777223110199,0.45815494656562805,1.0096967220306396,1.0097819566726685,7.23018e-05
661,0.458719938993454,0.4583190977573395,1.0096977949142456,1.0097814798355103,8.8819375e-05
662,0.46051111817359924,0.4601549506187439,1.0096977949142456,1.009779930114746,0.00014258185
663,0.46390798687934875,0.46360716223716736,1.0096960067749023,1.0097776651382446,0.00011399725
664,0.4682791233062744,0.46803519129753113,1.0096932649612427,1.0097746849060059,-1.315826e-05
665,0.47443798184394836,0.4742523729801178,1.0096895694732666,1.0097706317901611,0.00077605125
666,0.47625213861465454,0.4760817885398865,1.0096886157989502,1.0097686052322388,-0.00018599618
667,0.4784392714500427,0.47827762365341187,1.0096871852874756,1.0097664594650269,-5.164853e-06
668,0.48118963837623596,0.4810313880443573,1.0096850395202637,1.0097640752792358,-0.00016568622
669,0.4841243326663971,0.4839663505554199,1.0096830129623413,1.0097616910934448,0.00037881074
670,0.4857798218727112,0.48561280965805054,1.009682297706604,1.0097600221633911,0.00021531983
671,0.4855475127696991,0.48535746335983276,1.0096828937530518,1.009759545326233,0.00010521125
672,0.4877576231956482,0.4875655472278595,1.0096817016601562,1.0097575187683105,0.00041520142
673,0.48951128125190735,0.48931512236595154,1.009681224822998,1.009756088256836,0.00031866776
674,0.4913487732410431,0.4911528527736664,1.0096806287765503,1.0097544193267822,-0.00012175386
675,0.49238455295562744,0.49217990040779114,1.0096806287765503,1.0097535848617554,0.0002340897
676,0.49340805411338806,0.4931957721710205,1.0096803903579712,1.009752869606018,0.00011889079
677,0.4939572215080261,0.4937308728694916,1.0096805095672607,1.0097529888153076,0.00040193598
678,0.49632129073143005,0.4961089491844177,1.0096789598464966,1.0097516775131226,-0.0001620735
679,0.4968312978744507,0.4966088831424713,1.009678840637207,1.0097514390945435,-0.0002854323
680,0.4956037998199463,0.49534711241722107,1.0096806287765503,1.009752631187439,0.00043658068
681,0.49346232414245605,0.4931567311286926,1.0096830129623413,1.0097545385360718,0.000112795504
682,0.4926392436027527,0.4923075735569,1.0096842050552368,1.0097554922103882,0.00026569306
683,0.4919777810573578,0.49162447452545166,1.0096853971481323,1.009756326675415,0.00025900683
684,0.4925273060798645,0.4921739101409912,1.0096851587295532,1.009756088256836,0.00011290818
685,0.49469253420829773,0.4943668246269226,1.00968337059021,1.0097543001174927,0.00025507613
686,0.49539682269096375,0.49508118629455566,1.0096839666366577,1.0097538232803345,0.0005230522
687,0.49803638458251953,0.4977651536464691,1.0096831321716309,1.009751319885254,0.00033954938
688,0.5026665329933167,0.5024691224098206,1.0096802711486816,1.0097469091415405,0.00014653045
689,0.5079982280731201,0.5078800320625305,1.0096765756607056,1.0097419023513794,-0.00031784602
690,0.5151140093803406,0.5150942206382751,1.0096718072891235,1.0097362995147705,0.00020833696
691,0.5203220248222351,0.5203691720962524,1.0096678733825684,1.0097312927246094,0.00016942632
692,0.525780975818634,0.5258949995040894,1.009664535522461,1.009726881980896,-0.00018801015
693,0.5297513008117676,0.529909610748291,1.009661078453064,1.0097228288650513,0.00020183824
694,0.5329877734184265,0.5331786274909973,1.009657859802246,1.0097187757492065,-0.00016955452
695,0.5356161594390869,0.5358324646949768,1.0096546411514282,1.0097154378890991,4.783393e-05
696,0.5400845408439636,0.540351152420044,1.00965416431427,1.0097140073776245,-0.00014626533
697,0.5426989793777466,0.5429840683937073,1.0096529722213745,1.0097111463546753,0.00050154666
698,0.5437129139900208,0.5439971685409546,1.0096499919891357,1.0097075700759888,-4.212375e-05
699,0.5446146726608276,0.5448914766311646,1.009648323059082,1.0097042322158813,0.00032958091
700,0.5427852272987366,0.5430201888084412,1.009643793106079,1.0096991062164307,0.00048494744
701,0.5378048419952393,0.5379546284675598,1.0096359252929688,1.0096921920776367,0.00034931977
702,0.5327244997024536,0.5327825546264648,1.0096287727355957,1.0096855163574219,0.00011834748
703,0.5241767168045044,0.5240949392318726,1.0096211433410645,1.0096783638000488,-0.00015168234
704,0.5159981846809387,0.5157878994941711,1.0096144676208496,1.0096722841262817,0.0002484775
705,0.5063177943229675,0.5059747099876404,1.0096107721328735,1.0096683502197266,-9.343836e-06
706,0.501823365688324,0.5014408230781555,1.0096040964126587,1.0096590518951416,0.00023758781
707,0.4939456582069397,0.4934989809989929,1.0096033811569214,1.0096561908721924,0.00024177757
708,0.48565444350242615,0.48519420623779297,1.0096068382263184,1.0096533298492432,7.776685e-05
709,0.48205116391181946,0.4816429615020752,1.009604811668396,1.0096442699432373,5.5427532e-05
710,0.4811548590660095,0.48081180453300476,1.0095994472503662,1.0096327066421509,4.569898e-05
711,0.48251232504844666,0.48223817348480225,1.0095912218093872,1.009618878364563,0.00015000101
712,0.4900963008403778,0.48988932371139526,1.009572148323059,1.009596824645996,0.00023723223
713,0.5003982782363892,0.5002679824829102,1.0095489025115967,1.0095690488815308,-5.5282297e-05
714,0.5080918073654175,0.5079905390739441,1.0095269680023193,1.009547233581543,0.00014182013
715,0.516047477722168,0.515980064868927,1.0095062255859375,1.0095248222351074,0.00043492432
716,0.516160786151886,0.5161021947860718,1.0094949007034302,1.009511947631836,-2.2599917e-05
717,0.5158683657646179,0.5158243179321289,1.0094865560531616,1.0094997882843018,0.00012260853
718,0.5155310034751892,0.5155007839202881,1.0094797611236572,1.0094889402389526,0.00017054503
719,0.5183854103088379,0.5183688402175903,1.009469747543335,1.009475827217102,0.00015500326
720,0.5207027792930603,0.5206930637359619,1.0094608068466187,1.0094648599624634,0.00022116434
721,0.523240327835083,0.5232374668121338,1.0094538927078247,1.0094553232192993,0.00069100363
722,0.523419201374054,0.5234204530715942,1.0094501972198486,1.0094496011734009,0.00043580157
723,0.5205177068710327,0.5205235481262207,1.00944983959198,1.0094472169876099,2.3154491e-05
724,0.52326500415802,0.5232757925987244,1.0094451904296875,1.0094393491744995,8.9055306e-05
725,0.5266439318656921,0.5266585946083069,1.0094411373138428,1.0094308853149414,2.5295289e-05
726,0.5299780964851379,0.5299928188323975,1.0094374418258667,1.0094233751296997,6.413633e-05
727,0.5351059436798096,0.5351147055625916,1.0094335079193115,1.009416103363037,0.00030121667
728,0.5400136113166809,0.5400136113166809,1.0094308853149414,1.0094099044799805,0.00027662114
729,0.5401839017868042,0.5401827692985535,1.0094294548034668,1.009405255317688,0.00036053034
730,0.5373438000679016,0.5373485684394836,1.0094287395477295,1.0094020366668701,0.00036579897
731,0.5350757241249084,0.5350860357284546,1.0094283819198608,1.009399175643921,-5.3879412e-05
732,0.5303584337234497,0.5303815007209778,1.009429693222046,1.009398341178894,0.0004755675
733,0.5269829630851746,0.5270155072212219,1.0094306468963623,1.0093979835510254,8.1721766e-05
734,0.5227730870246887,0.5228177309036255,1.0094329118728638,1.009399175643921,0.00022399022
735,0.5187495350837708,0.5188078284263611,1.009435772895813,1.0094001293182373,-7.314148e-05
736,0.5149924755096436,0.5150636434555054,1.0094387531280518,1.009401559829712,3.8239807e-05
737,0.5132892727851868,0.5133658051490784,1.0094397068023682,1.0094019174575806,0.00023596632
738,0.5130793452262878,0.5131567716598511,1.009439468383789,1.0094010829925537,0.00014679151
739,0.5099908113479614,0.5100778937339783,1.0094438791275024,1.0094051361083984,0.0003526309
740,0.5065502524375916,0.5066477656364441,1.0094493627548218,1.0094105005264282,0.0002703889
741,0.5037887096405029,0.5038971900939941,1.0094547271728516,1.009414792060852,0.0001588887
742,0.5021884441375732,0.5023057460784912,1.0094588994979858,1.0094175338745117,0.00018846702
743,0.5006157755851746,0.5007412433624268,1.0094635486602783,1.0094211101531982,0.00031791208
744,0.49492526054382324,0.495068222284317,1.009474515914917,1.0094331502914429,0.00018448786
745,0.48935115337371826,0.48951607942581177,1.0094866752624512,1.0094451904296875,0.0007673972
746,0.4870130121707916,0.4871836006641388,1.0094929933547974,1.009452223777771,0.0005136441
747,0.48823082447052,0.4884040951728821,1.0094945430755615,1.0094515085220337,0.0006184029
748,0.4926375150680542,0.49279773235321045,1.0094895362854004,1.0094443559646606,-0.00011956705
749,0.49320128560066223,0.49335843324661255,1.0094906091690063,1.0094449520111084,3.5459292e-05
750,0.4935359060764313,0.4936846196651459,1.0094914436340332,1.009447455406189,0.00022494645
751,0.4904089570045471,0.49057093262672424,1.0094990730285645,1.0094548463821411,-0.00020254555
752,0.4838906228542328,0.4840705692768097,1.0095118284225464,1.009469985961914,0.00027015415
753,0.4775392413139343,0.4777362048625946,1.0095243453979492,1.0094844102859497,0.0003638548
754,0.47567495703697205,0.4758681356906891,1.0095276832580566,1.0094897747039795,2.2651875e-05
755,0.47558167576789856,0.475778728723526,1.0095293521881104,1.0094902515411377,0.0002485233
756,0.47776731848716736,0.4779545068740845,1.009526014328003,1.0094867944717407,0.00010453259
757,0.47895416617393494,0.4791352450847626,1.009525179862976,1.0094859600067139,0.00036485706
758,0.4796831011772156,0.47986531257629395,1.009526014328003,1.0094854831695557,0.00010810626
759,0.48498812317848206,0.48515784740448,1.0095187425613403,1.0094754695892334,0.00037292758
760,0.49022382497787476,0.4903792440891266,1.0095113515853882,1.0094648599624634,-1.40020275e-05
761,0.49770766496658325,0.497837632894516,1.009498953819275,1.0094484090805054,-0.0004320886
762,0.5074766874313354,0.5075706839561462,1.0094830989837646,1.0094263553619385,9.52465e-05
763,0.5125373601913452,0.5126104950904846,1.0094726085662842,1.0094112157821655,0.00026796924
764,0.5167466998100281,0.5168030261993408,1.0094635486602783,1.0093973875045776,7.701258e-05
765,0.5195300579071045,0.519575297832489,1.0094560384750366,1.009386658668518,0.0002744869
766,0.519531786441803,0.5195791721343994,1.0094512701034546,1.0093793869018555,0.00022906925
767,0.5170167684555054,0.517078161239624,1.009448766708374,1.0093754529953003,0.00019623699
768,0.513839840888977,0.513919472694397,1.0094484090805054,1.009373664855957,0.0004082875
769,0.5114930272102356,0.5115869045257568,1.009447455406189,1.0093721151351929,8.7389504e-05
770,0.5076200366020203,0.5077356696128845,1.0094486474990845,1.0093731880187988,-6.931301e-05
771,0.5018171668052673,0.5019670128822327,1.0094537734985352,1.0093778371810913,0.00032636346
772,0.4980843961238861,0.498260498046875,1.009456753730774,1.0093786716461182,-4.2406464e-07
773,0.4960957467556,0.49629056453704834,1.0094587802886963,1.0093774795532227,0.000488961
774,0.49359211325645447,0.49381062388420105,1.0094622373580933,1.0093777179718018,5.5755663e-05
775,0.4927915334701538,0.49302440881729126,1.0094642639160156,1.0093754529953003,0.00036907068
776,0.49066412448883057,0.49092188477516174,1.0094692707061768,1.0093767642974854,0.00014092465
777,0.48954883217811584,0.4898195266723633,1.0094720125198364,1.009377121925354,4.232918e-05
778,0.48862770199775696,0.4889039397239685,1.0094740390777588,1.0093789100646973,0.00021813496
779,0.4866832196712494,0.4869822859764099,1.009479284286499,1.0093817710876465,-1.1310825e-05
780,0.4844696819782257,0.4847874641418457,1.0094839334487915,1.009386420249939,-4.5005676e-05
781,0.48207154870033264,0.48242074251174927,1.0094906091690063,1.0093902349472046,0.00010673801
782,0.4839686453342438,0.4843110740184784,1.0094900131225586,1.0093845129013062,4.521721e-05
783,0.4868972599506378,0.4872157573699951,1.0094865560531616,1.0093772411346436,-0.00023052955
784,0.4879131019115448,0.4882248342037201,1.0094860792160034,1.009373664855957,-0.0001517407
785,0.48793670535087585,0.4882522523403168,1.0094867944717407,1.0093715190887451,-0.00035740188
786,0.48784148693084717,0.4881637692451477,1.009488582611084,1.0093700885772705,0.00024851176
787,0.49009183049201965,0.4903941750526428,1.0094873905181885,1.0093648433685303,0.00030268639
788,0.4969709813594818,0.49719202518463135,1.0094784498214722,1.0093528032302856,0.00033280678
789,0.5032569766044617,0.5034055113792419,1.0094702243804932,1.0093410015106201,0.00012663215
790,0.5098108053207397,0.5098874568939209,1.0094616413116455,1.0093293190002441,6.459938e-05
791,0.5140986442565918,0.5141323804855347,1.009454607963562,1.0093196630477905,-2.4568551e-05
792,0.517104983329773,0.5171133279800415,1.0094497203826904,1.0093129873275757,0.00064878725
793,0.5202111601829529,0.5201975703239441,1.0094457864761353,1.0093072652816772,0.00010590768
794,0.5210287570953369,0.5210181474685669,1.0094422101974487,1.0093016624450684,-4.5008055e-05
795,0.520963191986084,0.5209653973579407,1.0094395875930786,1.009297490119934,0.00024057203
796,0.5204288363456726,0.5204491019248962,1.0094367265701294,1.0092928409576416,-0.00039803045
797,0.5193353295326233,0.5193790197372437,1.0094343423843384,1.009289026260376,-8.078727e-05
798,0.5181090831756592,0.5181770920753479,1.0094331502914429,1.0092867612838745,0.00026555324
799,0.5182927846908569,0.5183719396591187,1.0094319581985474,1.009284496307373,0.00021954384
800,0.5186519622802734,0.5187395811080933,1.00943124294281,1.009283185005188,0.00022303595
801,0.518099844455719,0.5182037949562073,1.0094319581985474,1.0092841386795044,0.00022879582
802,0.5190876722335815,0.5191906094551086,1.0094314813613892,1.0092843770980835,0.0002775704
803,0.52118319272995,0.521272599697113,1.0094305276870728,1.0092837810516357,0.00012054997
804,0.5238324403762817,0.5239013433456421,1.009429693222046,1.0092827081680298,0.00013596419
805,0.5259493589401245,0.5260019302368164,1.0094293355941772,1.0092827081680298,8.97446e-05
806,0.5263515114784241,0.5264072418212891,1.0094304084777832,1.0092847347259521,0.0001984189
807,0.5255310535430908,0.525603711605072,1.009432315826416,1.0092874765396118,-5.2031035e-05
808,0.5239439606666565,0.5240427851676941,1.0094355344772339,1.0092910528182983,0.00023617528
809,0.5232794880867004,0.523391842842102,1.0094382762908936,1.0092947483062744,0.00020837042
810,0.5232651233673096,0.5233830213546753,1.0094407796859741,1.0092976093292236,0.00015984324
811,0.5237008929252625,0.5238184332847595,1.0094434022903442,1.0093003511428833,0.00025098893
812,0.5229630470275879,0.523094654083252,1.0094475746154785,1.0093048810958862,5.577975e-05
813,0.5211659669876099,0.521323025226593,1.0094528198242188,1.0093116760253906,6.4742766e-05
814,0.5192546844482422,0.5194383263587952,1.0094590187072754,1.0093194246292114,0.0003354899
815,0.5158630609512329,0.5160913467407227,1.009467601776123,1.0093306303024292,9.161548e-05
816,0.5122765302658081,0.5125524401664734,1.0094774961471558,1.0093430280685425,0.00049118465
817,0.509062647819519,0.5093762278556824,1.0094860792160034,1.0093557834625244,0.0003149566
818,0.5069296360015869,0.5072704553604126,1.009493350982666,1.0093638896942139,0.00018211362
819,0.5040018558502197,0.5043833255767822,1.009502649307251,1.0093743801116943,-7.375009e-06
820,0.5016712546348572,0.5020765066146851,1.0095088481903076,1.0093836784362793,-0.0002349675
821,0.49824509024620056,0.498687744140625,1.0095176696777344,1.009397029876709,6.514597e-05
822,0.49423086643218994,0.49472007155418396,1.0095274448394775,1.0094112157821655,-0.00030558434
823,0.490437388420105,0.49096065759658813,1.0095360279083252,1.009425163269043,0.000104929015
824,0.48832863569259644,0.4888455867767334,1.0095391273498535,1.0094351768493652,0.00024784837
825,0.48733654618263245,0.48781073093414307,1.009537696838379,1.0094436407089233,8.252919e-05
826,0.48630213737487793,0.48672816157341003,1.0095365047454834,1.009453535079956,0.00030063812
827,0.48789992928504944,0.48823514580726624,1.0095263719558716,1.0094561576843262,-0.00013591695
828,0.48862144351005554,0.4888990521430969,1.0095207691192627,1.0094600915908813,0.00027036626
829,0.49136149883270264,0.4915789067745209,1.0095107555389404,1.0094571113586426,0.0002446249
830,0.4950717091560364,0.4952344596385956,1.009498119354248,1.00944983959198,-0.0002590924
831,0.4981701374053955,0.4982956647872925,1.0094882249832153,1.009443759918213,0.00037818565
832,0.5001059174537659,0.5002029538154602,1.0094809532165527,1.0094412565231323,0.0002226664
833,0.503162682056427,0.5032371878623962,1.0094729661941528,1.0094345808029175,1.4749678e-05
834,0.5057768225669861,0.5058311820030212,1.0094655752182007,1.0094298124313354,0.00021108525
835,0.5063591599464417,0.5064034461975098,1.0094621181488037,1.0094295740127563,0.00037773023
836,0.5071444511413574,0.5071784853935242,1.009458065032959,1.009429693222046,-2.667552e-05
837,0.5076606273651123,0.5076878070831299,1.0094549655914307,1.009429693222046,-0.00010809371
838,0.5079233050346375,0.5079445838928223,1.009451985359192,1.0094302892684937,-0.00017298266
839,0.5071173310279846,0.507135808467865,1.0094505548477173,1.0094324350357056,8.586243e-05
840,0.5075405836105347,0.5075551271438599,1.009448528289795,1.0094329118728638,-3.047864e-05
841,0.5084356069564819,0.5084458589553833,1.0094460248947144,1.0094330310821533,-8.861563e-05
842,0.5096527934074402,0.5096588134765625,1.0094428062438965,1.009433388710022,-8.496593e-05
843,0.5098789930343628,0.5098825097084045,1.0094410181045532,1.0094350576400757,0.00015330155
844,0.5097509622573853,0.5097528100013733,1.0094404220581055,1.0094372034072876,0.00023046762
845,0.5101584196090698,0.5101587772369385,1.0094406604766846,1.0094398260116577,0.00041110156
846,0.5096566677093506,0.5096558928489685,1.009441614151001,1.0094430446624756,4.241409e-05
847,0.5076236724853516,0.5076215267181396,1.0094447135925293,1.009447693824768,0.00038594974
848,0.5058825612068176,0.5058785676956177,1.0094478130340576,1.0094523429870605,0.000114472685
849,0.5034936666488647,0.5034869313240051,1.0094515085220337,1.0094578266143799,2.7808332e-05
850,0.5004328489303589,0.5004221796989441,1.0094561576843262,1.0094640254974365,-0.00011321222
851,0.4978639483451843,0.49784886837005615,1.0094603300094604,1.009469985961914,0.00013329873
852,0.4971334636211395,0.49711742997169495,1.009461760520935,1.0094716548919678,-0.00014798205
853,0.4956301748752594,0.49561142921447754,1.0094647407531738,1.009475588798523,8.6355634e-05
854,0.4932009279727936,0.49317923188209534,1.0094702243804932,1.0094815492630005,3.8134804e-05
855,0.49083903431892395,0.4908149242401123,1.0094764232635498,1.0094877481460571,0.00033942872
856,0.48930639028549194,0.4892790913581848,1.0094809532165527,1.0094932317733765,0.00032652874
857,0.4872210621833801,0.4871879518032074,1.0094867944717407,1.0095008611679077,0.00029845408
858,0.4865683615207672,0.486527681350708,1.009488582611084,1.0095056295394897,2.2558059e-05
859,0.4859831631183624,0.4859347939491272,1.0094902515411377,1.0095101594924927,3.361389e-05
860,0.48718518018722534,0.4871295094490051,1.009487509727478,1.0095112323760986,0.00028953294
861,0.4899561107158661,0.4898984730243683,1.0094813108444214,1.0095080137252808,0.00013014278
862,0.49225592613220215,0.492195725440979,1.0094759464263916,1.009506106376648,6.211625e-05
863,0.4951572120189667,0.49509719014167786,1.009469985961914,1.0095033645629883,0.00046896157
864,0.4979860484600067,0.49792763590812683,1.0094642639160156,1.0095003843307495,-5.6925113e-05
865,0.5021205544471741,0.5020654797554016,1.009455680847168,1.0094960927963257,0.0004851024
866,0.5071693062782288,0.5071218013763428,1.0094455480575562,1.0094902515411377,0.00011861103
867,0.5114385485649109,0.5113993287086487,1.0094366073608398,1.0094854831695557,2.2715496e-05
868,0.5154052376747131,0.5153759717941284,1.0094287395477295,1.009480595588684,-0.00014304071
869,0.5201090574264526,0.5200930237770081,1.0094218254089355,1.0094759464263916,0.00045807057
870,0.5240952372550964,0.5240910053253174,1.009415626525879,1.009472131729126,-1.7098188e-05
871,0.5269834399223328,0.5269878506660461,1.0094107389450073,1.0094695091247559,0.00024928583
872,0.5287994146347046,0.5288088917732239,1.0094064474105835,1.0094671249389648,-3.793981e-05
873,0.5311891436576843,0.5312055349349976,1.0094029903411865,1.0094653367996216,-4.9808023e-05
874,0.5337163805961609,0.5337400436401367,1.0094009637832642,1.0094645023345947,0.00018272929
875,0.5348692536354065,0.5348950624465942,1.0093988180160522,1.0094635486602783,0.00011539857
876,0.53419429063797,0.5342149138450623,1.0093961954116821,1.0094618797302246,-4.271569e-06
877,0.5327927470207214,0.5328059196472168,1.0093939304351807,1.009460687637329,0.00018694828
878,0.5312665104866028,0.5312721133232117,1.0093927383422852,1.0094603300094604,0.00029244562
879,0.5284948348999023,0.5284896492958069,1.0093923807144165,1.0094608068466187,0.000346155
880,0.5267177224159241,0.5267055630683899,1.0093921422958374,1.0094616413116455,7.4087846e-05
881,0.5246086120605469,0.5245888233184814,1.009392499923706,1.0094630718231201,0.00015513707
882,0.5213154554367065,0.5212839841842651,1.0093952417373657,1.009466528892517,0.00061538693
883,0.5174075365066528,0.5173614621162415,1.009399652481079,1.0094711780548096,0.00045093644
884,0.513197660446167,0.5131347179412842,1.0094050168991089,1.009476661682129,0.00031522848
885,0.5083703398704529,0.5082869529724121,1.0094119310379028,1.0094832181930542,0.000395374
886,0.5064442157745361,0.5063567757606506,1.0094153881072998,1.0094878673553467,0.0004368519
887,0.5052285194396973,0.5051418542861938,1.0094186067581177,1.0094919204711914,0.00013261929
888,0.5022323131561279,0.5021329522132874,1.009423851966858,1.0094983577728271,0.00021277502
889,0.4982774257659912,0.4981580078601837,1.0094302892684937,1.0095058679580688,8.6091226e-05
890,0.4955480098724365,0.49541527032852173,1.0094345808029175,1.009512186050415,5.723128e-05
891,0.4930192530155182,0.4928756654262543,1.0094397068023682,1.0095181465148926,0.00024607067
892,0.48734673857688904,0.4871678352355957,1.0094490051269531,1.0095287561416626,0.0005309322
893,0.4832639694213867,0.4830694794654846,1.0094571113586426,1.0095351934432983,-0.00030200498
894,0.48087286949157715,0.48067542910575867,1.009462833404541,1.0095391273498535,9.409545e-06
895,0.4832455813884735,0.48307740688323975,1.0094618797302246,1.0095363855361938,-0.00010513815
896,0.4836573898792267,0.48350653052330017,1.0094648599624634,1.0095360279083252,0.0003599532
897,0.4845583438873291,0.48442548513412476,1.009467601776123,1.0095359086990356,0.00030831367
898,0.48468858003616333,0.4845668375492096,1.009470820426941,1.0095365047454834,-0.00015017753
899,0.48821204900741577,0.48812058568000793,1.0094707012176514,1.0095345973968506,0.0003913333
900,0.48793166875839233,0.48784568905830383,1.009474515914917,1.009535789489746,0.00028485098
901,0.4880966544151306,0.4880182445049286,1.0094783306121826,1.0095371007919312,0.00022179337
902,0.4899809956550598,0.48991942405700684,1.0094808340072632,1.0095373392105103,0.000107825486
903,0.48993900418281555,0.4898817539215088,1.0094844102859497,1.0095387697219849,1.6504251e-05
904,0.49106913805007935,0.491022527217865,1.0094877481460571,1.0095398426055908,0.0003073358
905,0.49030715227127075,0.49025973677635193,1.0094927549362183,1.0095425844192505,0.00046464562
906,0.49022191762924194,0.49017682671546936,1.009496808052063,1.009545087814331,6.1489154e-06
907,0.4881994426250458,0.4881467819213867,1.0095021724700928,1.0095486640930176,0.00023530997
908,0.48671653866767883,0.4866599440574646,1.0095072984695435,1.009551763534546,2.7002941e-05
909,0.4873464107513428,0.4872959554195404,1.0095107555389404,1.0095531940460205,-3.477346e-05
910,0.48644161224365234,0.48639029264450073,1.0095155239105225,1.0095559358596802,0.00031715527
911,0.48645108938217163,0.48640304803848267,1.0095194578170776,1.0095577239990234,-0.00018966054
912,0.4878385365009308,0.48779985308647156,1.009522557258606,1.009558081626892,-5.6663746e-05
913,0.49089327454566956,0.49086982011795044,1.0095254182815552,1.0095573663711548,9.454414e-05
914,0.49269479513168335,0.49267977476119995,1.0095282793045044,1.0095573663711548,1.2633231e-05
915,0.49256184697151184,0.4925477206707001,1.0095317363739014,1.0095583200454712,0.00016487113
916,0.4923284947872162,0.4923149049282074,1.0095354318618774,1.0095598697662354,0.0003708588
917,0.4954048991203308,0.4954007565975189,1.009537696838379,1.0095605850219727,-6.516001e-05
918,0.5006504058837891,0.50066077709198,1.009539246559143,1.0095608234405518,-0.00033757705
919,0.5059071183204651,0.5059307217597961,1.0095407962799072,1.0095610618591309,-0.00013903473
920,0.5077096223831177,0.5077367424964905,1.0095406770706177,1.009560465812683,0.00034802814
921,0.5072886347770691,0.5073134303092957,1.0095396041870117,1.009559154510498,0.00021345881
922,0.5068187713623047,0.5068413615226746,1.0095387697219849,1.0095583200454712,0.00013816159
923,0.5061925053596497,0.5062127113342285,1.0095382928848267,1.009557843208313,0.00020906169
924,0.5035916566848755,0.5036035776138306,1.0095371007919312,1.0095562934875488,1.4209629e-05
925,0.5007012486457825,0.5007047653198242,1.0095362663269043,1.0095549821853638,0.0001277718
926,0.49804890155792236,0.4980449974536896,1.0095356702804565,1.0095540285110474,8.325644e-05
927,0.495564341545105,0.49555402994155884,1.009535312652588,1.00955331325531,-4.958293e-05
928,0.49820733070373535,0.4982019066810608,1.0095335245132446,1.0095511674880981,9.9393e-06
929,0.5004358887672424,0.5004345178604126,1.0095324516296387,1.0095494985580444,0.000120596844
930,0.5040133595466614,0.5040187835693359,1.0095322132110596,1.009548544883728,0.0004479171
931,0.5100662112236023,0.5100840926170349,1.0095326900482178,1.0095490217208862,7.032225e-05
932,0.5134556293487549,0.5134803056716919,1.009531855583191,1.0095481872558594,6.766706e-05
933,0.5154334902763367,0.5154609084129333,1.009531021118164,1.0095469951629639,0.00041346374
934,0.5158655047416687,0.5158915519714355,1.0095291137695312,1.0095444917678833,0.00018648691
935,0.5143387317657471,0.5143618583679199,1.009523868560791,1.0095404386520386,-5.842487e-05
936,0.5122125744819641,0.5122310519218445,1.0095185041427612,1.009536862373352,0.0004302154
937,0.5101561546325684,0.5101693868637085,1.0095138549804688,1.0095341205596924,0.0002826932
938,0.5065076351165771,0.5065099000930786,1.0095089673995972,1.0095309019088745,0.0003205217
939,0.5025932788848877,0.5025833249092102,1.0095049142837524,1.009528398513794,0.00015922422
940,0.5000671148300171,0.5000481605529785,1.0095019340515137,1.0095264911651611,0.00047035806
941,0.49603167176246643,0.49599987268447876,1.0095006227493286,1.0095267295837402,-0.00017126027
942,0.49307534098625183,0.4930341839790344,1.0094995498657227,1.0095264911651611,0.0002991564
943,0.4902535080909729,0.49020490050315857,1.0094996690750122,1.0095268487930298,7.483885e-05
944,0.4871477782726288,0.487094908952713,1.0095025300979614,1.0095281600952148,0.00034769918
945,0.4850311577320099,0.48497989773750305,1.0095051527023315,1.0095282793045044,0.00029692677
946,0.4822261333465576,0.4821785092353821,1.0095102787017822,1.0095298290252686,0.000119823904
947,0.479055792093277,0.4790147542953491,1.0095174312591553,1.0095328092575073,0.0004564937
948,0.4759526252746582,0.4759176969528198,1.0095242261886597,1.0095362663269043,3.6249905e-05
949,0.47481393814086914,0.4747864007949829,1.0095278024673462,1.0095372200012207,0.00034162364
950,0.47371211647987366,0.473697692155838,1.0095323324203491,1.0095373392105103,-3.090252e-06
951,0.470701664686203,0.47069352865219116,1.009539246559143,1.0095417499542236,-0.00011413121
952,0.46888720989227295,0.4688836634159088,1.0095436573028564,1.0095447301864624,4.5916167e-05
953,0.4726017415523529,0.47260284423828125,1.0095387697219849,1.0095382928848267,0.00032303156
954,0.47537359595298767,0.47538137435913086,1.0095367431640625,1.0095336437225342,0.0003344749
955,0.4774741530418396,0.4774879217147827,1.0095360279083252,1.0095298290252686,2.6431419e-05
956,0.48140615224838257,0.48141831159591675,1.0095322132110596,1.009524941444397,-9.222186e-05
957,0.4837522804737091,0.48376449942588806,1.0095303058624268,1.009521245956421,-0.00010792713
958,0.4879426062107086,0.48795148730278015,1.0095272064208984,1.0095162391662598,-0.00016803182
959,0.49230799078941345,0.49231114983558655,1.0095243453979492,1.009511113166809,-0.00013343921
960,0.4990778863430023,0.49906837940216064,1.0095224380493164,1.0095072984695435,0.00053425774
961,0.5063789486885071,0.5063543319702148,1.0095206499099731,1.0095046758651733,-0.0001357983
962,0.5143322348594666,0.5142940878868103,1.009520411491394,1.009505033493042,0.00036984216
963,0.5200545787811279,0.5200108885765076,1.0095189809799194,1.009504795074463,0.00038878637
964,0.5224352478981018,0.5223929286003113,1.0095136165618896,1.0095007419586182,0.00014369375
965,0.5234662294387817,0.5234204530715942,1.009508490562439,1.0094949007034302,0.0003062586
966,0.5196818113327026,0.519648015499115,1.0094934701919556,1.0094822645187378,0.00043464132
967,0.5180872082710266,0.5180661082267761,1.0094823837280273,1.0094749927520752,-9.691371e-05
968,0.5166625380516052,0.516648530960083,1.0094730854034424,1.0094678401947021,-7.4396754e-05
969,0.5152541995048523,0.5152485966682434,1.0094640254974365,1.009461760520935,-2.4527137e-05
970,0.5147014260292053,0.514700710773468,1.009458303451538,1.0094579458236694,0.0002447028
971,0.5140029788017273,0.5140097141265869,1.0094517469406128,1.009454607963562,-0.00026592036
972,0.5121263265609741,0.5121367573738098,1.0094447135925293,1.0094496011734009,0.00047173165
973,0.5129870176315308,0.5130054354667664,1.0094431638717651,1.0094515085220337,7.694203e-05
974,0.515326738357544,0.515354335308075,1.0094443559646606,1.0094558000564575,-0.00043785077
975,0.5201883912086487,0.5202221870422363,1.0094529390335083,1.0094650983810425,0.00010515538
976,0.5268271565437317,0.5268672704696655,1.0094667673110962,1.00947904586792,0.00034095396
977,0.5307219624519348,0.5307627320289612,1.009474277496338,1.0094858407974243,-1.1070202e-05
978,0.5337784290313721,0.5338160395622253,1.0094813108444214,1.0094914436340332,0.00043976677
979,0.5348616242408752,0.5348969101905823,1.0094835758209229,1.0094929933547974,0.00024688078
980,0.5320627093315125,0.532097339630127,1.0094761848449707,1.0094859600067139,0.00035507506
981,0.5278361439704895,0.5278682708740234,1.0094658136367798,1.0094759464263916,0.00040062593
982,0.5249807238578796,0.5250076651573181,1.0094592571258545,1.00946843624115,-8.4572304e-05
983,0.5243909358978271,0.524421751499176,1.0094577074050903,1.0094685554504395,0.0002857297
984,0.5214701890945435,0.5215099453926086,1.0094484090805054,1.0094636678695679,-0.00033166975
985,0.5198866128921509,0.519927978515625,1.009444236755371,1.0094610452651978,0.00013745765
986,0.5170390009880066,0.5170843601226807,1.0094356536865234,1.0094561576843262,-0.00021628743
987,0.5147495865821838,0.5147947072982788,1.009429693222046,1.009452223777771,0.00017267515
988,0.514225959777832,0.5142764449119568,1.0094270706176758,1.0094530582427979,2.984308e-05
989,0.5150166749954224,0.515072226524353,1.0094283819198608,1.0094562768936157,0.00013357973
990,0.5171018838882446,0.5171648859977722,1.0094332695007324,1.0094627141952515,0.00024241133
991,0.5191331505775452,0.5192037224769592,1.009438395500183,1.0094691514968872,9.055398e-05
992,0.5200875401496887,0.5201557278633118,1.0094431638717651,1.009472131729126,0.000112180394
993,0.5226489305496216,0.5227152705192566,1.0094523429870605,1.0094784498214722,0.00017354978
994,0.5246410965919495,0.5247086882591248,1.009459376335144,1.0094844102859497,9.5298295e-05
995,0.524616003036499,0.5246821045875549,1.0094619989395142,1.009486436843872,0.00022718456
996,0.5265185832977295,0.5265846848487854,1.0094701051712036,1.0094932317733765,0.00039130915
997,0.5279846787452698,0.5280423760414124,1.0094785690307617,1.0094980001449585,0.00012409416
998,0.5294830203056335,0.5295348167419434,1.0094865560531616,1.0095033645629883,0.00016942246
999,0.5326992273330688,0.532748818397522,1.0094984769821167,1.0095134973526,0.0003099079
